metric_id,metric_name,role,value,value_display,unit,population,population_definition,grain,numerator,denominator,n_used,n_excluded_vs_eligible,formula,source_tables,source_snapshot_id,approved_value,tolerance,status,evidence_status,interpretation,limitation
M1,Median Derived Selected Meal Weight,headline,499.0,499 g,g,core_ready_registered_export_sessions,"registered-export session keys with core_ready = true: not quarantined, at least one modellable event, no ERROR finding, valid weights, parsed times",one session key (session_id|registered_export),,,1697,2,MEDIAN(derived_selected_meal_weight_g) over the population,fact_dining_session,flavoria-1b68c194acc5,499.0,0.0,PASS,READY_WITH_LIMITATION,Typical DERIVED selected meal weight in the approved measurement population.,DERIVED from weighing events at the line; one population; five weeks; cannot be read as intake.
M2,P90 Derived Selected Meal Weight,headline,1039.6,"1,039.6 g",g,core_ready_registered_export_sessions,"registered-export session keys with core_ready = true: not quarantined, at least one modellable event, no ERROR finding, valid weights, parsed times",one session key (session_id|registered_export),,,1697,2,"PERCENTILE_LINEAR(derived_selected_meal_weight_g, 0.90) over the population",fact_dining_session,flavoria-1b68c194acc5,1039.6,0.05,PASS,READY_WITH_LIMITATION,Upper end of the DERIVED selected meal weight distribution.,"the most period-sensitive metric; describes five weeks; DERIVED, not intake."
M3,Observed Valid Sessions — Registered-Export Population,headline,1697,"1,697 sessions",sessions,core_ready_registered_export_sessions,"registered-export session keys with core_ready = true: not quarantined, at least one modellable event, no ERROR finding, valid weights, parsed times",one session key (session_id|registered_export); per service date in the supporting table,,,1697,2,COUNT(session keys) over the population,fact_dining_session;fact_daily_volume,flavoria-1b68c194acc5,1697,0.0,PASS,READY_WITH_LIMITATION,"How many registered-export sessions were observed, are valid and feed M1, M2 and M4.",an observation of the export; the weekday pattern and six irregular days mean it must not be read as restaurant volume.
M4,Median Distinct Normalized Components per Session,headline,5.0,5 components,components,core_ready_registered_export_sessions,"registered-export session keys with core_ready = true: not quarantined, at least one modellable event, no ERROR finding, valid weights, parsed times",one session key (session_id|registered_export),,,1697,2,MEDIAN(distinct_component_count) over the population,fact_dining_session;fact_session_component,flavoria-1b68c194acc5,5,0.0,PASS,READY_WITH_LIMITATION,How many different named components a typical session selected.,"counts names within a session; no alias table, so different spellings of one dish would count separately; comparison of components across exports is limited on some days."
M5,Core Measurement Readiness,headline,99.882284,99.88%,percent,eligible_registered_export_sessions,"every registered-export session key, counted before any quarantine or removal",one session key (session_id|registered_export),1697,1699,1697,2,100 * COUNT(D) / COUNT(C),fact_dining_session,flavoria-1b68c194acc5,99.88,0.005,PASS,READY_WITH_LIMITATION,Share of eligible registered-export sessions meeting the approved core measurement readiness criteria.,"high because few registered-export sessions carry an ERROR finding, not because the data is proven error-free; weather, WARN rules and volume flags never enter it."
S1,Weather Context Coverage,supporting,99.882284,99.88%,percent,eligible_registered_export_sessions,"every registered-export session key, counted before any quarantine or removal",one session key (session_id|registered_export),1697,1699,1697,2,100 * COUNT(weather_matched) / COUNT(C),fact_dining_session;fact_weather,flavoria-1b68c194acc5,99.88,0.005,PASS,READY_WITH_LIMITATION,Coverage of the contextual weather join (next full UTC hour after the first weighing; r_1h is the hour ending at its timestamp).,"context only; regional station roughly 6 km away; the Phase 2 dry run matched all 1,697 core-ready sessions and expected the two quarantined sessions to be joined too, which the model deliberately does not do."
S2,Warn-Free Rate,supporting,97.881107,97.88%,percent,eligible_registered_export_sessions,"every registered-export session key, counted before any quarantine or removal",one session key (session_id|registered_export),1663,1699,1663,36,100 * COUNT(core_ready AND NOT has_session_warn) / COUNT(C),fact_dining_session,flavoria-1b68c194acc5,97.88,0.005,PASS,READY_WITH_LIMITATION,Share of eligible registered-export sessions with no session-level warning.,"a diagnostic of how many sessions carry a WARN, not a data-quality score; it differs from M5 because a WARN never removes a session from the KPIs."
S2D,Warn-Free Rate incl. Event-Level Warnings (diagnostic variant),diagnostic,97.704532,97.70%,percent,eligible_registered_export_sessions,"every registered-export session key, counted before any quarantine or removal",one session key (session_id|registered_export),1660,1699,1660,39,100 * COUNT(core_ready AND NOT has_session_warn AND NOT has_event_warn) / COUNT(C),fact_dining_session,flavoria-1b68c194acc5,97.7,0.005,PASS,READY_WITH_LIMITATION,Reconciliation of S2 to the event-level view (three sessions differ). It never replaces S2.,diagnostic only; reported so the S2 definition is transparent.
W1,Direct Food Waste Measurement,blocked,,BLOCKED / SOURCE GAP,n/a,n/a,There is no computable population.,n/a,,,,,"none: there is no formula, no estimate and no proxy",,,,,BLOCKED,BLOCKED,No direct waste metric is computed. derived_selected_meal_weight_g is not waste and is not used as a proxy.,permanent unless a public raw waste dataset is found.
