session_id,weighing_event_time,weighting_type,scale_identifier,weight_of_a_component,component_name,tray_id,user_identification_time,source_file,source_row_number,population,w,ts_format,t_naive,u_naive,t,u,tz_treatment,name_norm,station_family,scale_kind,service_date,dup,gap_s,prev_w,same_name_as_prev
session1006,2020-10-07 11:04:52,line,vege2-salaatti2,388,Hedelmäsalaatti,tray477,2020-10-07 11:07:12,non_registered_2020-10-05_2020-10-18.csv,642,non_registered_export,388,9999-99-99 99:99:99,2020-10-07 11:04:52,2020-10-07 11:07:12,2020-10-07 11:04:52,2020-10-07 11:07:12,SOURCE_LOCAL_ASSUMED,hedelmäsalaatti,vege2,salaatti,2020-10-07,False,8.0,387.0,True
session1006,2020-10-07 11:04:56,line,vege2-salaatti2,112,Hedelmäsalaatti,tray477,2020-10-07 11:07:12,non_registered_2020-10-05_2020-10-18.csv,643,non_registered_export,112,9999-99-99 99:99:99,2020-10-07 11:04:56,2020-10-07 11:07:12,2020-10-07 11:04:56,2020-10-07 11:07:12,SOURCE_LOCAL_ASSUMED,hedelmäsalaatti,vege2,salaatti,2020-10-07,False,4.0,388.0,True
session1435,2020-10-20 10:49:04,line,koti2-oikea-salaatti2,37,Grated cabbage,tray296,2020-10-20 10:52:09,non_registered_2020-10-19_2020-10-25.csv,537,non_registered_export,37,9999-99-99 99:99:99,2020-10-20 10:49:04,2020-10-20 10:52:09,2020-10-20 10:49:04,2020-10-20 10:52:09,SOURCE_LOCAL_ASSUMED,grated cabbage,koti2,salaatti,2020-10-20,False,9.0,667.0,True
session1558,2020-10-12 12:02:45,line,koti2-vasen-lammin4,75,Rice,tray588,2020-10-12 12:04:39,non_registered_2020-10-05_2020-10-18.csv,1064,non_registered_export,75,9999-99-99 99:99:99,2020-10-12 12:02:45,2020-10-12 12:04:39,2020-10-12 12:02:45,2020-10-12 12:04:39,SOURCE_LOCAL_ASSUMED,rice,koti2,lammin,2020-10-12,False,14.0,13.0,True
session1714,2020-10-28 11:49:59,,koti2-oikea-salaatti1,64,American salad,tray411,2020-10-28 11:51:58,non_registered_2020-10-25_2020-10-31.csv,717,non_registered_export,64,9999-99-99 99:99:99,2020-10-28 11:49:59,2020-10-28 11:51:58,2020-10-28 11:49:59,2020-10-28 11:51:58,SOURCE_LOCAL_ASSUMED,american salad,koti2,salaatti,2020-10-28,False,8.0,449.0,True
session1809,2020-10-28 13:18:59,,koti2-oikea-salaatti2,44,Grated carrot and radish,tray373,2020-10-28 13:20:08,non_registered_2020-10-25_2020-10-31.csv,78,non_registered_export,44,9999-99-99 99:99:99,2020-10-28 13:18:59,2020-10-28 13:20:08,2020-10-28 13:18:59,2020-10-28 13:20:08,SOURCE_LOCAL_ASSUMED,grated carrot and radish,koti2,salaatti,2020-10-28,False,23.0,60.0,True
session2261,2020-10-08 11:53:19,line,koti2-vasen-lammin4,458,Pea soup,tray169,2020-10-08 11:54:30,non_registered_2020-10-05_2020-10-18.csv,1047,non_registered_export,458,9999-99-99 99:99:99,2020-10-08 11:53:19,2020-10-08 11:54:30,2020-10-08 11:53:19,2020-10-08 11:54:30,SOURCE_LOCAL_ASSUMED,pea soup,koti2,lammin,2020-10-08,False,18.0,528.0,True
session2530,2020-10-30 11:47:37,,koti2-oikea-salaatti1,20,American salad,tray146,2020-10-30 11:50:13,non_registered_2020-10-25_2020-10-31.csv,523,non_registered_export,20,9999-99-99 99:99:99,2020-10-30 11:47:37,2020-10-30 11:50:13,2020-10-30 11:47:37,2020-10-30 11:50:13,SOURCE_LOCAL_ASSUMED,american salad,koti2,salaatti,2020-10-30,False,27.0,6.0,True
session2534,2020-10-12 13:21:12,line,koti2-oikea-lammin2,432,Peppery meat stew,tray207,2020-10-12 13:21:35,non_registered_2020-10-05_2020-10-18.csv,1285,non_registered_export,432,9999-99-99 99:99:99,2020-10-12 13:21:12,2020-10-12 13:21:35,2020-10-12 13:21:12,2020-10-12 13:21:35,SOURCE_LOCAL_ASSUMED,peppery meat stew,koti2,lammin,2020-10-12,False,14.0,133.0,True
session3219,2020-11-11 11:27:12,,koti2-oikea-lammin2,4,CHICKEN CHILI NOODLE WOK ,tray405,2020.11.11 11:27:36,non_registered_2020-11-09_2020-11-15.csv,185,non_registered_export,4,9999-99-99 99:99:99,2020-11-11 11:27:12,2020-11-11 11:27:36,2020-11-11 11:27:12,2020-11-11 11:27:36,SOURCE_LOCAL_ASSUMED,chicken chili noodle wok,koti2,lammin,2020-11-11,False,146.0,11.0,True
session456,2020-10-07 10:45:19,line,koti2-vasen-salaatti1,64,American salad,tray124,2020-10-07 10:46:46,non_registered_2020-10-05_2020-10-18.csv,700,non_registered_export,64,9999-99-99 99:99:99,2020-10-07 10:45:19,2020-10-07 10:46:46,2020-10-07 10:45:19,2020-10-07 10:46:46,SOURCE_LOCAL_ASSUMED,american salad,koti2,salaatti,2020-10-07,False,9.0,2.0,True
session1004,2020-10-20 10:39:28,line,vege2-salaatti1,21,American salad,tray412,2020-10-20 10:41:16,registered_2020-10-19_2020-10-25.csv,1124,registered_export,21,9999-99-99 99:99:99,2020-10-20 10:39:28,2020-10-20 10:41:16,2020-10-20 10:39:28,2020-10-20 10:41:16,SOURCE_LOCAL_ASSUMED,american salad,vege2,salaatti,2020-10-20,False,13.0,853.0,True
session1074,2020.10.05 07:48:14,line,vege2-salaatti1,53,American salad,tray404,2020.10.05 07:51:36,registered_2020_10_05-2020_10_18.csv,1459,registered_export,53,9999.99.99 99:99:99,2020-10-05 07:48:14,2020-10-05 07:51:36,2020-10-05 10:48:14,2020-10-05 10:51:36,NORMALISED_PLUS_3H_STRONGEST_SUPPORT,american salad,vege2,salaatti,2020-10-05,False,11.0,887.0,True
session1075,2020-10-26 12:14:20,,vege2-lammin1,67,Pasta,tray109,2020-10-26 12:15:32,registered_2020-10-25_2020-10-31.csv,652,registered_export,67,9999-99-99 99:99:99,2020-10-26 12:14:20,2020-10-26 12:15:32,2020-10-26 12:14:20,2020-10-26 12:15:32,SOURCE_LOCAL_ASSUMED,pasta,vege2,lammin,2020-10-26,False,6.0,268.0,True
session1078,2020-10-27 12:06:16,,vege2-lammin2,417,Pureed root vegetable soup,tray507,2020-10-27 12:06:56,registered_2020-10-25_2020-10-31.csv,1210,registered_export,417,9999-99-99 99:99:99,2020-10-27 12:06:16,2020-10-27 12:06:56,2020-10-27 12:06:16,2020-10-27 12:06:56,SOURCE_LOCAL_ASSUMED,pureed root vegetable soup,vege2,lammin,2020-10-27,False,6.0,182.0,True
session108,2020-11-03 10:51:54,,koti2-oikea-lammin1,71,Rice,tray666,2020-11-03 10:52:50,registered_2020-11-02_2020-11-08.csv,532,registered_export,71,9999-99-99 99:99:99,2020-11-03 10:51:54,2020-11-03 10:52:50,2020-11-03 10:51:54,2020-11-03 10:52:50,SOURCE_LOCAL_ASSUMED,rice,koti2,lammin,2020-11-03,False,12.0,704.0,True
session109,2020-10-27 11:17:14,,koti2-vasen-lammin4,122,Cream potatoes,tray335,2020-10-27 11:18:12,registered_2020-10-25_2020-10-31.csv,1393,registered_export,122,9999-99-99 99:99:99,2020-10-27 11:17:14,2020-10-27 11:18:12,2020-10-27 11:17:14,2020-10-27 11:18:12,SOURCE_LOCAL_ASSUMED,cream potatoes,koti2,lammin,2020-10-27,False,21.0,971.0,True
session109,2020-10-27 11:17:43,,koti2-vasen-lammin5,105,Pork sirloin steak  and green pepper sauce,tray335,2020-10-27 11:18:12,registered_2020-10-25_2020-10-31.csv,1395,registered_export,105,9999-99-99 99:99:99,2020-10-27 11:17:43,2020-10-27 11:18:12,2020-10-27 11:17:43,2020-10-27 11:18:12,SOURCE_LOCAL_ASSUMED,pork sirloin steak and green pepper sauce,koti2,lammin,2020-10-27,False,7.0,1088.0,True
session1090,2020.10.07 07:43:56,line,vege2-lammin5,71,Baked potato,tray157,2020.10.07 07:45:20,registered_2020_10_05-2020_10_18.csv,197,registered_export,71,9999.99.99 99:99:99,2020-10-07 07:43:56,2020-10-07 07:45:20,2020-10-07 10:43:56,2020-10-07 10:45:20,NORMALISED_PLUS_3H_STRONGEST_SUPPORT,baked potato,vege2,lammin,2020-10-07,False,26.0,155.0,True
session1095,2020-11-20 11:03:43,,koti2-oikea-salaatti4,67,Parsakaali-kukkakaali,tray528,2020-11-20 11:04:46,registered_2020-11-16_2020-11-20.csv,705,registered_export,67,9999-99-99 99:99:99,2020-11-20 11:03:43,2020-11-20 11:04:46,2020-11-20 11:03:43,2020-11-20 11:04:46,SOURCE_LOCAL_ASSUMED,parsakaali-kukkakaali,koti2,salaatti,2020-11-20,False,8.0,12.0,True
session1097,2020.10.14 08:49:05,line,koti2-oikea-lammin4,76,PANEROITU BROILERLEIKE,tray444,2020.10.14 08:49:46,registered_2020_10_05-2020_10_18.csv,1413,registered_export,76,9999.99.99 99:99:99,2020-10-14 08:49:05,2020-10-14 08:49:46,2020-10-14 11:49:05,2020-10-14 11:49:46,NORMALISED_PLUS_3H_STRONGEST_SUPPORT,paneroitu broilerleike,koti2,lammin,2020-10-14,False,56.0,97.0,True
session113,2020-11-03 11:38:43,,vege2-salaatti3,34,Parsakaali-kukkakaali,tray354,2020-11-03 11:40:15,registered_2020-11-02_2020-11-08.csv,1012,registered_export,34,9999-99-99 99:99:99,2020-11-03 11:38:43,2020-11-03 11:40:15,2020-11-03 11:38:43,2020-11-03 11:40:15,SOURCE_LOCAL_ASSUMED,parsakaali-kukkakaali,vege2,salaatti,2020-11-03,False,13.0,11.0,True
session1130,2020-11-10 11:08:20,,koti2-oikea-salaatti1,38,American salad,tray602,2020-11-10 11:09:39,registered_2020-11-09_2020-11-15.csv,109,registered_export,38,9999-99-99 99:99:99,2020-11-10 11:08:20,2020-11-10 11:09:39,2020-11-10 11:08:20,2020-11-10 11:09:39,SOURCE_LOCAL_ASSUMED,american salad,koti2,salaatti,2020-11-10,False,18.0,954.0,True
session1134,2020.10.12 07:39:50,line,koti2-oikea-salaatti1,21,American salad,tray301,2020.10.12 07:41:59,registered_2020_10_05-2020_10_18.csv,1893,registered_export,21,9999.99.99 99:99:99,2020-10-12 07:39:50,2020-10-12 07:41:59,2020-10-12 10:39:50,2020-10-12 10:41:59,NORMALISED_PLUS_3H_STRONGEST_SUPPORT,american salad,koti2,salaatti,2020-10-12,False,5.0,42.0,True
session114,2020-11-04 11:26:40,,koti2-oikea-salaatti1,48,American salad,tray138,2020-11-04 11:28:19,registered_2020-11-02_2020-11-08.csv,1065,registered_export,48,9999-99-99 99:99:99,2020-11-04 11:26:40,2020-11-04 11:28:19,2020-11-04 11:26:40,2020-11-04 11:28:19,SOURCE_LOCAL_ASSUMED,american salad,koti2,salaatti,2020-11-04,False,20.0,600.0,True
session1186,2020.10.07 08:59:05,line,koti2-vasen-salaatti1,9,American salad,tray376,2020.10.07 09:02:27,registered_2020_10_05-2020_10_18.csv,1576,registered_export,9,9999.99.99 99:99:99,2020-10-07 08:59:05,2020-10-07 09:02:27,2020-10-07 11:59:05,2020-10-07 12:02:27,NORMALISED_PLUS_3H_STRONGEST_SUPPORT,american salad,koti2,salaatti,2020-10-07,False,11.0,5.0,True
session1186,2020.10.07 08:59:51,line,koti2-vasen-salaatti1,8,American salad,tray376,2020.10.07 09:02:27,registered_2020_10_05-2020_10_18.csv,1578,registered_export,8,9999.99.99 99:99:99,2020-10-07 08:59:51,2020-10-07 09:02:27,2020-10-07 11:59:51,2020-10-07 12:02:27,NORMALISED_PLUS_3H_STRONGEST_SUPPORT,american salad,koti2,salaatti,2020-10-07,False,46.0,9.0,True
session1186,2020.10.07 09:00:04,line,koti2-vasen-salaatti2,45,Kaali-porkkanaraaste,tray376,2020.10.07 09:02:27,registered_2020_10_05-2020_10_18.csv,1579,registered_export,45,9999.99.99 99:99:99,2020-10-07 09:00:04,2020-10-07 09:02:27,2020-10-07 12:00:04,2020-10-07 12:02:27,NORMALISED_PLUS_3H_STRONGEST_SUPPORT,kaali-porkkanaraaste,koti2,salaatti,2020-10-07,False,50.0,29.0,True
session119,2020-10-20 10:30:43,line,koti2-vasen-salaatti4,113,Hedelmäsalaatti,tray92,2020-10-20 10:32:00,registered_2020-10-19_2020-10-25.csv,1152,registered_export,113,9999-99-99 99:99:99,2020-10-20 10:30:43,2020-10-20 10:32:00,2020-10-20 10:30:43,2020-10-20 10:32:00,SOURCE_LOCAL_ASSUMED,hedelmäsalaatti,koti2,salaatti,2020-10-20,False,12.0,2.0,True
session1190,2020-11-10 11:16:02,,koti2-oikea-salaatti1,50,American salad,tray413,2020-11-10 11:18:24,registered_2020-11-09_2020-11-15.csv,702,registered_export,50,9999-99-99 99:99:99,2020-11-10 11:16:02,2020-11-10 11:18:24,2020-11-10 11:16:02,2020-11-10 11:18:24,SOURCE_LOCAL_ASSUMED,american salad,koti2,salaatti,2020-11-10,False,8.0,13.0,True
session1195,2020.10.06 08:05:29,line,vege2-salaatti1,48,American salad,tray542,2020.10.06 08:07:02,registered_2020_10_05-2020_10_18.csv,996,registered_export,48,9999.99.99 99:99:99,2020-10-06 08:05:29,2020-10-06 08:07:02,2020-10-06 11:05:29,2020-10-06 11:07:02,NORMALISED_PLUS_3H_STRONGEST_SUPPORT,american salad,vege2,salaatti,2020-10-06,False,6.0,1239.0,True
session12,2020-10-21 12:10:03,line,vege2-lammin5,34,House made lentil patties,tray626,2020-10-21 12:11:35,registered_2020-10-19_2020-10-25.csv,975,registered_export,34,9999-99-99 99:99:99,2020-10-21 12:10:03,2020-10-21 12:11:35,2020-10-21 12:10:03,2020-10-21 12:11:35,SOURCE_LOCAL_ASSUMED,house made lentil patties,vege2,lammin,2020-10-21,False,19.0,40.0,True
session12,2020-10-21 12:10:11,line,vege2-lammin5,127,House made lentil patties,tray626,2020-10-21 12:11:35,registered_2020-10-19_2020-10-25.csv,976,registered_export,127,9999-99-99 99:99:99,2020-10-21 12:10:11,2020-10-21 12:11:35,2020-10-21 12:10:11,2020-10-21 12:11:35,SOURCE_LOCAL_ASSUMED,house made lentil patties,vege2,lammin,2020-10-21,False,8.0,34.0,True
session1222,2020-10-19 10:57:55,line,koti2-oikea-salaatti2,53,Grated carrot,tray678,2020-10-19 10:59:34,registered_2020-10-19_2020-10-25.csv,507,registered_export,53,9999-99-99 99:99:99,2020-10-19 10:57:55,2020-10-19 10:59:34,2020-10-19 10:57:55,2020-10-19 10:59:34,SOURCE_LOCAL_ASSUMED,grated carrot,koti2,salaatti,2020-10-19,False,21.0,674.0,True
session1222,2020-10-19 10:58:13,line,koti2-oikea-salaatti3,62,Tomato and onion,tray678,2020-10-19 10:59:34,registered_2020-10-19_2020-10-25.csv,509,registered_export,62,9999-99-99 99:99:99,2020-10-19 10:58:13,2020-10-19 10:59:34,2020-10-19 10:58:13,2020-10-19 10:59:34,SOURCE_LOCAL_ASSUMED,tomato and onion,koti2,salaatti,2020-10-19,False,7.0,824.0,True
session1227,2020-10-28 12:07:24,,koti2-oikea-salaatti1,45,American salad,tray119,2020-10-28 12:08:59,registered_2020-10-25_2020-10-31.csv,586,registered_export,45,9999-99-99 99:99:99,2020-10-28 12:07:24,2020-10-28 12:08:59,2020-10-28 12:07:24,2020-10-28 12:08:59,SOURCE_LOCAL_ASSUMED,american salad,koti2,salaatti,2020-10-28,False,16.0,298.0,True
session1251,2020-10-27 10:30:07,,koti2-oikea-salaatti1,46,American salad,tray226,2020-10-27 10:32:05,registered_2020-10-25_2020-10-31.csv,547,registered_export,46,9999-99-99 99:99:99,2020-10-27 10:30:07,2020-10-27 10:32:05,2020-10-27 10:30:07,2020-10-27 10:32:05,SOURCE_LOCAL_ASSUMED,american salad,koti2,salaatti,2020-10-27,False,10.0,350.0,True
session1286,2020.10.06 08:59:06,line,koti2-vasen-salaatti1,24,American salad,tray31,2020.10.06 09:01:19,registered_2020_10_05-2020_10_18.csv,728,registered_export,24,9999.99.99 99:99:99,2020-10-06 08:59:06,2020-10-06 09:01:19,2020-10-06 11:59:06,2020-10-06 12:01:19,NORMALISED_PLUS_3H_STRONGEST_SUPPORT,american salad,koti2,salaatti,2020-10-06,False,13.0,348.0,True
session1286,2020.10.06 09:00:03,line,koti2-vasen-salaatti4,25,Tomato,tray31,2020.10.06 09:01:19,registered_2020_10_05-2020_10_18.csv,732,registered_export,25,9999.99.99 99:99:99,2020-10-06 09:00:03,2020-10-06 09:01:19,2020-10-06 12:00:03,2020-10-06 12:01:19,NORMALISED_PLUS_3H_STRONGEST_SUPPORT,tomato,koti2,salaatti,2020-10-06,False,15.0,66.0,True
session1291,2020-10-27 11:52:22,,vege2-salaatti1,23,American salad,tray85,2020-10-27 11:54:40,registered_2020-10-25_2020-10-31.csv,499,registered_export,23,9999-99-99 99:99:99,2020-10-27 11:52:22,2020-10-27 11:54:40,2020-10-27 11:52:22,2020-10-27 11:54:40,SOURCE_LOCAL_ASSUMED,american salad,vege2,salaatti,2020-10-27,False,10.0,11.0,True
session1316,2020.10.07 07:48:29,line,koti2-vasen-salaatti2,10,Kaali-porkkanaraaste,tray580,2020.10.07 07:49:48,registered_2020_10_05-2020_10_18.csv,1798,registered_export,10,9999.99.99 99:99:99,2020-10-07 07:48:29,2020-10-07 07:49:48,2020-10-07 10:48:29,2020-10-07 10:49:48,NORMALISED_PLUS_3H_STRONGEST_SUPPORT,kaali-porkkanaraaste,koti2,salaatti,2020-10-07,False,8.0,24.0,True
session1325,2020-10-26 11:07:28,,vege2-salaatti2,157,Grated carrot,tray333,2020-10-26 11:10:09,registered_2020-10-25_2020-10-31.csv,854,registered_export,157,9999-99-99 99:99:99,2020-10-26 11:07:28,2020-10-26 11:10:09,2020-10-26 11:07:28,2020-10-26 11:10:09,SOURCE_LOCAL_ASSUMED,grated carrot,vege2,salaatti,2020-10-26,False,12.0,37.0,True
session1325,2020-10-26 11:07:54,,vege2-salaatti3,163,Tomaatti-papu,tray333,2020-10-26 11:10:09,registered_2020-10-25_2020-10-31.csv,856,registered_export,163,9999-99-99 99:99:99,2020-10-26 11:07:54,2020-10-26 11:10:09,2020-10-26 11:07:54,2020-10-26 11:10:09,SOURCE_LOCAL_ASSUMED,tomaatti-papu,vege2,salaatti,2020-10-26,False,14.0,51.0,True
session1333,2020.10.14 07:55:52,line,vege2-salaatti1,12,American salad,tray571,2020.10.14 07:57:17,registered_2020_10_05-2020_10_18.csv,987,registered_export,12,9999.99.99 99:99:99,2020-10-14 07:55:52,2020-10-14 07:57:17,2020-10-14 10:55:52,2020-10-14 10:57:17,NORMALISED_PLUS_3H_STRONGEST_SUPPORT,american salad,vege2,salaatti,2020-10-14,False,13.0,183.0,True
session1334,2020-11-20 11:13:32,,koti2-vasen-salaatti1,32,American salad,tray568,2020-11-20 11:16:13,registered_2020-11-16_2020-11-20.csv,444,registered_export,32,9999-99-99 99:99:99,2020-11-20 11:13:32,2020-11-20 11:16:13,2020-11-20 11:13:32,2020-11-20 11:16:13,SOURCE_LOCAL_ASSUMED,american salad,koti2,salaatti,2020-11-20,False,9.0,632.0,True
session1344,2020-11-09 11:54:37,,koti2-vasen-lammin1,383,Paella merenelävillä,tray466,2020-11-09 11:55:09,registered_2020-11-09_2020-11-15.csv,107,registered_export,383,9999-99-99 99:99:99,2020-11-09 11:54:37,2020-11-09 11:55:09,2020-11-09 11:54:37,2020-11-09 11:55:09,SOURCE_LOCAL_ASSUMED,paella merenelävillä,koti2,lammin,2020-11-09,False,13.0,52.0,True
session1348,2020-10-27 11:43:08,,koti2-oikea-salaatti3,83,Corn,tray188,2020-10-27 11:45:16,registered_2020-10-25_2020-10-31.csv,972,registered_export,83,9999-99-99 99:99:99,2020-10-27 11:43:08,2020-10-27 11:45:16,2020-10-27 11:43:08,2020-10-27 11:45:16,SOURCE_LOCAL_ASSUMED,corn,koti2,salaatti,2020-10-27,False,4.0,676.0,True
session1350,2020-11-04 12:22:38,,koti2-oikea-salaatti3,6,Herne-maissi-porkkana,tray146,2020-11-04 12:24:26,registered_2020-11-02_2020-11-08.csv,937,registered_export,6,9999-99-99 99:99:99,2020-11-04 12:22:38,2020-11-04 12:24:26,2020-11-04 12:22:38,2020-11-04 12:24:26,SOURCE_LOCAL_ASSUMED,herne-maissi-porkkana,koti2,salaatti,2020-11-04,False,10.0,656.0,True
session1350,2020-11-04 12:23:21,,koti2-oikea-lammin1,126,Boiled potato,tray146,2020-11-04 12:24:26,registered_2020-11-02_2020-11-08.csv,939,registered_export,126,9999-99-99 99:99:99,2020-11-04 12:23:21,2020-11-04 12:24:26,2020-11-04 12:23:21,2020-11-04 12:24:26,SOURCE_LOCAL_ASSUMED,boiled potato,koti2,lammin,2020-11-04,False,13.0,655.0,True
session1368,2020.10.13 09:08:15,line,koti2-vasen-salaatti2,28,Marinated cabbage,tray94,2020.10.13 09:10:51,registered_2020_10_05-2020_10_18.csv,23,registered_export,28,9999.99.99 99:99:99,2020-10-13 09:08:15,2020-10-13 09:10:51,2020-10-13 12:08:15,2020-10-13 12:10:51,NORMALISED_PLUS_3H_STRONGEST_SUPPORT,marinated cabbage,koti2,salaatti,2020-10-13,False,7.0,655.0,True
session1371,2020.10.06 08:43:10,line,koti2-oikea-salaatti2,41,porkkana,tray45,2020.10.06 08:45:28,registered_2020_10_05-2020_10_18.csv,1189,registered_export,41,9999.99.99 99:99:99,2020-10-06 08:43:10,2020-10-06 08:45:28,2020-10-06 11:43:10,2020-10-06 11:45:28,NORMALISED_PLUS_3H_STRONGEST_SUPPORT,porkkana,koti2,salaatti,2020-10-06,False,11.0,622.0,True
session1422,2020-10-28 11:21:43,,vege2-salaatti1,26,American salad,tray637,2020-10-28 11:23:48,registered_2020-10-25_2020-10-31.csv,889,registered_export,26,9999-99-99 99:99:99,2020-10-28 11:21:43,2020-10-28 11:23:48,2020-10-28 11:21:43,2020-10-28 11:23:48,SOURCE_LOCAL_ASSUMED,american salad,vege2,salaatti,2020-10-28,False,6.0,854.0,True
session1440,2020-10-20 11:03:35,line,koti2-oikea-lammin2,151,Cooked frankfurters,tray499,2020-10-20 11:04:51,registered_2020-10-19_2020-10-25.csv,842,registered_export,151,9999-99-99 99:99:99,2020-10-20 11:03:35,2020-10-20 11:04:51,2020-10-20 11:03:35,2020-10-20 11:04:51,SOURCE_LOCAL_ASSUMED,cooked frankfurters,koti2,lammin,2020-10-20,False,9.0,891.0,True
session1442,2020-10-20 11:50:51,line,koti2-vasen-lammin3,82,Onion and cream sauce,tray646,2020-10-20 11:52:20,registered_2020-10-19_2020-10-25.csv,299,registered_export,82,9999-99-99 99:99:99,2020-10-20 11:50:51,2020-10-20 11:52:20,2020-10-20 11:50:51,2020-10-20 11:52:20,SOURCE_LOCAL_ASSUMED,onion and cream sauce,koti2,lammin,2020-10-20,False,6.0,1177.0,True
session1446,2020.10.06 08:47:12,line,koti2-oikea-salaatti2,25,porkkana,tray620,2020.10.06 08:49:29,registered_2020_10_05-2020_10_18.csv,1347,registered_export,25,9999.99.99 99:99:99,2020-10-06 08:47:12,2020-10-06 08:49:29,2020-10-06 11:47:12,2020-10-06 11:49:29,NORMALISED_PLUS_3H_STRONGEST_SUPPORT,porkkana,koti2,salaatti,2020-10-06,False,5.0,648.0,True
session1446,2020.10.06 08:48:38,line,koti2-oikea-lammin5,211,Kalkkunaa BBQ kastikkeessa,tray620,2020.10.06 08:49:29,registered_2020_10_05-2020_10_18.csv,1353,registered_export,211,9999.99.99 99:99:99,2020-10-06 08:48:38,2020-10-06 08:49:29,2020-10-06 11:48:38,2020-10-06 11:49:29,NORMALISED_PLUS_3H_STRONGEST_SUPPORT,kalkkunaa bbq kastikkeessa,koti2,lammin,2020-10-06,False,7.0,10.0,True
session1460,2020-11-09 11:07:46,,koti2-oikea-salaatti1,21,American salad,tray360,2020-11-09 11:09:27,registered_2020-11-09_2020-11-15.csv,467,registered_export,21,9999-99-99 99:99:99,2020-11-09 11:07:46,2020-11-09 11:09:27,2020-11-09 11:07:46,2020-11-09 11:09:27,SOURCE_LOCAL_ASSUMED,american salad,koti2,salaatti,2020-11-09,False,12.0,3.0,True
session1460,2020-11-09 11:07:58,,koti2-oikea-salaatti1,45,American salad,tray360,2020-11-09 11:09:27,registered_2020-11-09_2020-11-15.csv,468,registered_export,45,9999-99-99 99:99:99,2020-11-09 11:07:58,2020-11-09 11:09:27,2020-11-09 11:07:58,2020-11-09 11:09:27,SOURCE_LOCAL_ASSUMED,american salad,koti2,salaatti,2020-11-09,False,12.0,21.0,True
session1462,2020.10.06 08:17:08,line,koti2-oikea-salaatti3,65,Maissi-retiisi,tray39,2020.10.06 08:19:48,registered_2020_10_05-2020_10_18.csv,147,registered_export,65,9999.99.99 99:99:99,2020-10-06 08:17:08,2020-10-06 08:19:48,2020-10-06 11:17:08,2020-10-06 11:19:48,NORMALISED_PLUS_3H_STRONGEST_SUPPORT,maissi-retiisi,koti2,salaatti,2020-10-06,False,6.0,434.0,True
session1474,2020-11-06 12:20:42,,koti2-vasen-salaatti1,32,American salad,tray197,2020-11-06 12:26:26,registered_2020-11-02_2020-11-08.csv,1378,registered_export,32,9999-99-99 99:99:99,2020-11-06 12:20:42,2020-11-06 12:26:26,2020-11-06 12:20:42,2020-11-06 12:26:26,SOURCE_LOCAL_ASSUMED,american salad,koti2,salaatti,2020-11-06,False,8.0,625.0,True
session1495,2020-11-06 12:02:41,,koti2-oikea-salaatti1,55,American salad,tray129,2020-11-06 12:05:26,registered_2020-11-02_2020-11-08.csv,459,registered_export,55,9999-99-99 99:99:99,2020-11-06 12:02:41,2020-11-06 12:05:26,2020-11-06 12:02:41,2020-11-06 12:05:26,SOURCE_LOCAL_ASSUMED,american salad,koti2,salaatti,2020-11-06,False,12.0,180.0,True
session1497,2020.10.06 09:21:16,line,koti2-oikea-salaatti2,24,Kaali-porkkanaraaste,tray182,2020.10.06 09:24:47,registered_2020_10_05-2020_10_18.csv,972,registered_export,24,9999.99.99 99:99:99,2020-10-06 09:21:16,2020-10-06 09:24:47,2020-10-06 12:21:16,2020-10-06 12:24:47,NORMALISED_PLUS_3H_STRONGEST_SUPPORT,kaali-porkkanaraaste,koti2,salaatti,2020-10-06,False,11.0,663.0,True
session1497,2020.10.06 09:22:14,line,koti2-oikea-salaatti4,40,Tomato,tray182,2020.10.06 09:24:47,registered_2020_10_05-2020_10_18.csv,975,registered_export,40,9999.99.99 99:99:99,2020-10-06 09:22:14,2020-10-06 09:24:47,2020-10-06 12:22:14,2020-10-06 12:24:47,NORMALISED_PLUS_3H_STRONGEST_SUPPORT,tomato,koti2,salaatti,2020-10-06,False,9.0,1.0,True
session1497,2020.10.06 09:23:11,line,koti2-oikea-lammin1,170,Boiled potato,tray182,2020.10.06 09:24:47,registered_2020_10_05-2020_10_18.csv,977,registered_export,170,9999.99.99 99:99:99,2020-10-06 09:23:11,2020-10-06 09:24:47,2020-10-06 12:23:11,2020-10-06 12:24:47,NORMALISED_PLUS_3H_STRONGEST_SUPPORT,boiled potato,koti2,lammin,2020-10-06,False,8.0,3.0,True
session1504,2020-11-11 11:10:46,,koti2-oikea-lammin2,625,CHICKEN CHILI NOODLE WOK ,tray471,2020-11-11 11:11:24,registered_2020-11-09_2020-11-15.csv,20,registered_export,625,9999-99-99 99:99:99,2020-11-11 11:10:46,2020-11-11 11:11:24,2020-11-11 11:10:46,2020-11-11 11:11:24,SOURCE_LOCAL_ASSUMED,chicken chili noodle wok,koti2,lammin,2020-11-11,False,8.0,5.0,True
session1506,2020-11-04 11:03:41,,koti2-vasen-salaatti2,18,Kaali-porkkanaraaste,tray370,2020-11-04 11:05:16,registered_2020-11-02_2020-11-08.csv,1018,registered_export,18,9999-99-99 99:99:99,2020-11-04 11:03:41,2020-11-04 11:05:16,2020-11-04 11:03:41,2020-11-04 11:05:16,SOURCE_LOCAL_ASSUMED,kaali-porkkanaraaste,koti2,salaatti,2020-11-04,False,21.0,35.0,True
session1542,2020.10.14 08:55:14,line,vege2-salaatti1,71,American salad,tray271,2020.10.14 08:57:42,registered_2020_10_05-2020_10_18.csv,1636,registered_export,71,9999.99.99 99:99:99,2020-10-14 08:55:14,2020-10-14 08:57:42,2020-10-14 11:55:14,2020-10-14 11:57:42,NORMALISED_PLUS_3H_STRONGEST_SUPPORT,american salad,vege2,salaatti,2020-10-14,False,18.0,609.0,True
session1542,2020.10.14 08:56:34,line,vege2-lammin1,166,Boiled potato,tray271,2020.10.14 08:57:42,registered_2020_10_05-2020_10_18.csv,1640,registered_export,166,9999.99.99 99:99:99,2020-10-14 08:56:34,2020-10-14 08:57:42,2020-10-14 11:56:34,2020-10-14 11:57:42,NORMALISED_PLUS_3H_STRONGEST_SUPPORT,boiled potato,vege2,lammin,2020-10-14,False,6.0,843.0,True
session1566,2020.10.12 07:46:47,line,vege2-lammin6,1361,Papu-vuohenjuustokastike,tray302,2020.10.12 07:47:26,registered_2020_10_05-2020_10_18.csv,1271,registered_export,1361,9999.99.99 99:99:99,2020-10-12 07:46:47,2020-10-12 07:47:26,2020-10-12 10:46:47,2020-10-12 10:47:26,NORMALISED_PLUS_3H_STRONGEST_SUPPORT,papu-vuohenjuustokastike,vege2,lammin,2020-10-12,False,17.0,3.0,True
session1589,2020-11-10 12:19:43,,koti2-vasen-salaatti1,61,American salad,tray417,2020-11-10 12:21:25,registered_2020-11-09_2020-11-15.csv,1194,registered_export,61,9999-99-99 99:99:99,2020-11-10 12:19:43,2020-11-10 12:21:25,2020-11-10 12:19:43,2020-11-10 12:21:25,SOURCE_LOCAL_ASSUMED,american salad,koti2,salaatti,2020-11-10,False,18.0,621.0,True
session1605,2020-11-06 11:45:03,,koti2-vasen-salaatti1,35,American salad,tray389,2020-11-06 11:47:29,registered_2020-11-02_2020-11-08.csv,667,registered_export,35,9999-99-99 99:99:99,2020-11-06 11:45:03,2020-11-06 11:47:29,2020-11-06 11:45:03,2020-11-06 11:47:29,SOURCE_LOCAL_ASSUMED,american salad,koti2,salaatti,2020-11-06,False,33.0,45.0,True
session1640,2020-10-21 11:57:03,line,koti2-oikea-salaatti1,35,American salad,tray403,2020-10-21 11:58:37,registered_2020-10-19_2020-10-25.csv,553,registered_export,35,9999-99-99 99:99:99,2020-10-21 11:57:03,2020-10-21 11:58:37,2020-10-21 11:57:03,2020-10-21 11:58:37,SOURCE_LOCAL_ASSUMED,american salad,koti2,salaatti,2020-10-21,False,7.0,627.0,True
session1663,2020-11-03 11:49:31,,vege2-salaatti1,43,American salad,tray95,2020-11-03 11:51:06,registered_2020-11-02_2020-11-08.csv,1031,registered_export,43,9999-99-99 99:99:99,2020-11-03 11:49:31,2020-11-03 11:51:06,2020-11-03 11:49:31,2020-11-03 11:51:06,SOURCE_LOCAL_ASSUMED,american salad,vege2,salaatti,2020-11-03,False,7.0,3.0,True
session1704,2020.10.08 09:20:15,line,vege2-salaatti1,22,American salad,tray627,2020.10.08 09:23:00,registered_2020_10_05-2020_10_18.csv,1834,registered_export,22,9999.99.99 99:99:99,2020-10-08 09:20:15,2020-10-08 09:23:00,2020-10-08 12:20:15,2020-10-08 12:23:00,NORMALISED_PLUS_3H_STRONGEST_SUPPORT,american salad,vege2,salaatti,2020-10-08,False,8.0,620.0,True
session1719,2020-10-20 11:24:11,line,vege2-lammin1,170,Pasta,tray271,2020-10-20 11:25:18,registered_2020-10-19_2020-10-25.csv,1305,registered_export,170,9999-99-99 99:99:99,2020-10-20 11:24:11,2020-10-20 11:25:18,2020-10-20 11:24:11,2020-10-20 11:25:18,SOURCE_LOCAL_ASSUMED,pasta,vege2,lammin,2020-10-20,False,12.0,29.0,True
session1731,2020.10.14 09:28:55,line,koti2-vasen-lammin5,155,Rice,tray418,2020.10.14 09:29:59,registered_2020_10_05-2020_10_18.csv,628,registered_export,155,9999.99.99 99:99:99,2020-10-14 09:28:55,2020-10-14 09:29:59,2020-10-14 12:28:55,2020-10-14 12:29:59,NORMALISED_PLUS_3H_STRONGEST_SUPPORT,rice,koti2,lammin,2020-10-14,False,12.0,6.0,True
session1733,2020.10.13 08:27:43,line,vege2-lammin3,390,vegaani SOIJA-KAALILAATIKKO ,tray279,2020.10.13 08:28:42,registered_2020_10_05-2020_10_18.csv,1525,registered_export,390,9999.99.99 99:99:99,2020-10-13 08:27:43,2020-10-13 08:28:42,2020-10-13 11:27:43,2020-10-13 11:28:42,NORMALISED_PLUS_3H_STRONGEST_SUPPORT,vegaani soija-kaalilaatikko,vege2,lammin,2020-10-13,False,12.0,712.0,True
session174,2020-11-10 12:07:25,,koti2-vasen-lammin2,106,Almond coated fish,tray163,2020-11-10 12:07:40,registered_2020-11-09_2020-11-15.csv,417,registered_export,106,9999-99-99 99:99:99,2020-11-10 12:07:25,2020-11-10 12:07:40,2020-11-10 12:07:25,2020-11-10 12:07:40,SOURCE_LOCAL_ASSUMED,almond coated fish,koti2,lammin,2020-11-10,False,13.0,38.0,True
session1744,2020-11-04 11:19:11,,koti2-vasen-salaatti2,31,Kaali-porkkanaraaste,tray279,2020-11-04 11:21:00,registered_2020-11-02_2020-11-08.csv,707,registered_export,31,9999-99-99 99:99:99,2020-11-04 11:19:11,2020-11-04 11:21:00,2020-11-04 11:19:11,2020-11-04 11:21:00,SOURCE_LOCAL_ASSUMED,kaali-porkkanaraaste,koti2,salaatti,2020-11-04,False,1734.0,84.0,True
session1744,2020-11-04 11:19:33,,koti2-vasen-salaatti4,13,Cucumber,tray279,2020-11-04 11:21:00,registered_2020-11-02_2020-11-08.csv,709,registered_export,13,9999-99-99 99:99:99,2020-11-04 11:19:33,2020-11-04 11:21:00,2020-11-04 11:19:33,2020-11-04 11:21:00,SOURCE_LOCAL_ASSUMED,cucumber,koti2,salaatti,2020-11-04,False,1739.0,3.0,True
session1746,2020-10-27 11:08:46,,vege2-lammin6,143,vegaani Papusalsa ,tray14,2020-10-27 11:09:17,registered_2020-10-25_2020-10-31.csv,221,registered_export,143,9999-99-99 99:99:99,2020-10-27 11:08:46,2020-10-27 11:09:17,2020-10-27 11:08:46,2020-10-27 11:09:17,SOURCE_LOCAL_ASSUMED,vegaani papusalsa,vege2,lammin,2020-10-27,False,13.0,13.0,True
session1770,2020.10.05 08:41:57,line,koti2-oikea-salaatti1,2,American salad,tray266,2020.10.05 08:44:30,registered_2020_10_05-2020_10_18.csv,760,registered_export,2,9999.99.99 99:99:99,2020-10-05 08:41:57,2020-10-05 08:44:30,2020-10-05 11:41:57,2020-10-05 11:44:30,NORMALISED_PLUS_3H_STRONGEST_SUPPORT,american salad,koti2,salaatti,2020-10-05,False,18.0,394.0,True
session1776,2020-11-04 10:57:09,,koti2-oikea-salaatti1,109,American salad,tray681,2020-11-04 10:59:22,registered_2020-11-02_2020-11-08.csv,96,registered_export,109,9999-99-99 99:99:99,2020-11-04 10:57:09,2020-11-04 10:59:22,2020-11-04 10:57:09,2020-11-04 10:59:22,SOURCE_LOCAL_ASSUMED,american salad,koti2,salaatti,2020-11-04,False,8.0,613.0,True
session1781,2020.10.14 08:17:53,line,koti2-vasen-salaatti1,30,American salad,tray618,2020.10.14 08:20:53,registered_2020_10_05-2020_10_18.csv,910,registered_export,30,9999.99.99 99:99:99,2020-10-14 08:17:53,2020-10-14 08:20:53,2020-10-14 11:17:53,2020-10-14 11:20:53,NORMALISED_PLUS_3H_STRONGEST_SUPPORT,american salad,koti2,salaatti,2020-10-14,False,14.0,337.0,True
session1785,2020-10-27 10:52:13,,koti2-oikea-salaatti2,37,Punakaali-porkkanaraaste,tray198,2020-10-27 10:53:52,registered_2020-10-25_2020-10-31.csv,260,registered_export,37,9999-99-99 99:99:99,2020-10-27 10:52:13,2020-10-27 10:53:52,2020-10-27 10:52:13,2020-10-27 10:53:52,SOURCE_LOCAL_ASSUMED,punakaali-porkkanaraaste,koti2,salaatti,2020-10-27,False,6.0,638.0,True
session1788,2020-11-20 11:05:20,,vege2-salaatti1,36,American salad,tray636,2020-11-20 11:06:42,registered_2020-11-16_2020-11-20.csv,60,registered_export,36,9999-99-99 99:99:99,2020-11-20 11:05:20,2020-11-20 11:06:42,2020-11-20 11:05:20,2020-11-20 11:06:42,SOURCE_LOCAL_ASSUMED,american salad,vege2,salaatti,2020-11-20,False,13.0,155.0,True
session1819,2020-11-06 12:03:21,,vege2-lammin4,38,Tortilla,tray277,2020-11-06 12:03:59,registered_2020-11-02_2020-11-08.csv,301,registered_export,38,9999-99-99 99:99:99,2020-11-06 12:03:21,2020-11-06 12:03:59,2020-11-06 12:03:21,2020-11-06 12:03:59,SOURCE_LOCAL_ASSUMED,tortilla,vege2,lammin,2020-11-06,False,35.0,45.0,True
session1930,2020-10-21 11:40:42,line,vege2-salaatti1,30,American salad,tray86,2020-10-21 11:43:05,registered_2020-10-19_2020-10-25.csv,214,registered_export,30,9999-99-99 99:99:99,2020-10-21 11:40:42,2020-10-21 11:43:05,2020-10-21 11:40:42,2020-10-21 11:43:05,SOURCE_LOCAL_ASSUMED,american salad,vege2,salaatti,2020-10-21,False,4.0,864.0,True
session1934,2020-10-28 10:41:37,,vege2-salaatti2,20,Grated cabbage,tray3,2020-10-28 10:43:12,registered_2020-10-25_2020-10-31.csv,640,registered_export,20,9999-99-99 99:99:99,2020-10-28 10:41:37,2020-10-28 10:43:12,2020-10-28 10:41:37,2020-10-28 10:43:12,SOURCE_LOCAL_ASSUMED,grated cabbage,vege2,salaatti,2020-10-28,False,17.0,41.0,True
session1940,2020-11-03 11:14:25,,koti2-vasen-lammin4,277,JUURES-PERUNASOSE ,tray331,2020-11-03 11:15:18,registered_2020-11-02_2020-11-08.csv,796,registered_export,277,9999-99-99 99:99:99,2020-11-03 11:14:25,2020-11-03 11:15:18,2020-11-03 11:14:25,2020-11-03 11:15:18,SOURCE_LOCAL_ASSUMED,juures-perunasose,koti2,lammin,2020-11-03,False,7.0,43.0,True
session1950,2020.10.07 07:38:22,line,koti2-oikea-salaatti4,25,Cucumber,tray72,2020.10.07 07:40:26,registered_2020_10_05-2020_10_18.csv,1682,registered_export,25,9999.99.99 99:99:99,2020-10-07 07:38:22,2020-10-07 07:40:26,2020-10-07 10:38:22,2020-10-07 10:40:26,NORMALISED_PLUS_3H_STRONGEST_SUPPORT,cucumber,koti2,salaatti,2020-10-07,False,10.0,12.0,True
session1988,2020.10.05 08:00:27,line,koti2-oikea-lammin1,240,Mashed potatoes,tray314,2020.10.05 08:01:22,registered_2020_10_05-2020_10_18.csv,474,registered_export,240,9999.99.99 99:99:99,2020-10-05 08:00:27,2020-10-05 08:01:22,2020-10-05 11:00:27,2020-10-05 11:01:22,NORMALISED_PLUS_3H_STRONGEST_SUPPORT,mashed potatoes,koti2,lammin,2020-10-05,False,11.0,720.0,True
session1991,2020-11-06 11:51:11,,koti2-vasen-salaatti1,9,American salad,tray601,2020-11-06 11:53:58,registered_2020-11-02_2020-11-08.csv,851,registered_export,9,9999-99-99 99:99:99,2020-11-06 11:51:11,2020-11-06 11:53:58,2020-11-06 11:51:11,2020-11-06 11:53:58,SOURCE_LOCAL_ASSUMED,american salad,koti2,salaatti,2020-11-06,False,12.0,14.0,True
session2003,2020-10-21 12:15:35,line,koti2-oikea-salaatti2,36,Grated carrot,tray224,2020-10-21 12:16:49,registered_2020-10-19_2020-10-25.csv,467,registered_export,36,9999-99-99 99:99:99,2020-10-21 12:15:35,2020-10-21 12:16:49,2020-10-21 12:15:35,2020-10-21 12:16:49,SOURCE_LOCAL_ASSUMED,grated carrot,koti2,salaatti,2020-10-21,False,7.0,630.0,True
session2007,2020-10-26 10:37:44,,vege2-salaatti1,72,American salad,tray500,2020-10-26 10:40:06,registered_2020-10-25_2020-10-31.csv,415,registered_export,72,9999-99-99 99:99:99,2020-10-26 10:37:44,2020-10-26 10:40:06,2020-10-26 10:37:44,2020-10-26 10:40:06,SOURCE_LOCAL_ASSUMED,american salad,vege2,salaatti,2020-10-26,False,9.0,142.0,True
session2023,2020-10-21 11:26:09,line,koti2-vasen-salaatti1,77,American salad,tray2,2020-10-21 11:29:00,registered_2020-10-19_2020-10-25.csv,809,registered_export,77,9999-99-99 99:99:99,2020-10-21 11:26:09,2020-10-21 11:29:00,2020-10-21 11:26:09,2020-10-21 11:29:00,SOURCE_LOCAL_ASSUMED,american salad,koti2,salaatti,2020-10-21,False,13.0,14.0,True
session2024,2020-11-10 12:31:26,,vege2-salaatti1,16,American salad,tray306,2020-11-10 12:33:20,registered_2020-11-09_2020-11-15.csv,907,registered_export,16,9999-99-99 99:99:99,2020-11-10 12:31:26,2020-11-10 12:33:20,2020-11-10 12:31:26,2020-11-10 12:33:20,SOURCE_LOCAL_ASSUMED,american salad,vege2,salaatti,2020-11-10,False,9.0,1038.0,True
session2024,2020-11-10 12:31:35,,vege2-salaatti1,15,American salad,tray306,2020-11-10 12:33:20,registered_2020-11-09_2020-11-15.csv,908,registered_export,15,9999-99-99 99:99:99,2020-11-10 12:31:35,2020-11-10 12:33:20,2020-11-10 12:31:35,2020-11-10 12:33:20,SOURCE_LOCAL_ASSUMED,american salad,vege2,salaatti,2020-11-10,False,9.0,16.0,True
session2028,2020-11-03 11:29:02,,vege2-salaatti1,30,American salad,tray489,2020-11-03 11:31:50,registered_2020-11-02_2020-11-08.csv,1344,registered_export,30,9999-99-99 99:99:99,2020-11-03 11:29:02,2020-11-03 11:31:50,2020-11-03 11:29:02,2020-11-03 11:31:50,SOURCE_LOCAL_ASSUMED,american salad,vege2,salaatti,2020-11-03,False,12.0,29.0,True
session2078,2020-10-26 11:45:31,,koti2-oikea-lammin6,1186,Wasabi sour cream,tray395,2020-10-26 11:46:16,registered_2020-10-25_2020-10-31.csv,710,registered_export,1186,9999-99-99 99:99:99,2020-10-26 11:45:31,2020-10-26 11:46:16,2020-10-26 11:45:31,2020-10-26 11:46:16,SOURCE_LOCAL_ASSUMED,wasabi sour cream,koti2,lammin,2020-10-26,False,8.0,33.0,True
session2085,2020-10-20 10:35:29,line,koti2-oikea-lammin1,62,Mashed potatoes,tray426,2020-10-20 10:36:07,registered_2020-10-19_2020-10-25.csv,245,registered_export,62,9999-99-99 99:99:99,2020-10-20 10:35:29,2020-10-20 10:36:07,2020-10-20 10:35:29,2020-10-20 10:36:07,SOURCE_LOCAL_ASSUMED,mashed potatoes,koti2,lammin,2020-10-20,False,15.0,143.0,True
session2089,2020-10-26 12:16:15,,koti2-oikea-salaatti2,49,Grated carrot,tray244,2020-10-26 12:17:40,registered_2020-10-25_2020-10-31.csv,626,registered_export,49,9999-99-99 99:99:99,2020-10-26 12:16:15,2020-10-26 12:17:40,2020-10-26 12:16:15,2020-10-26 12:17:40,SOURCE_LOCAL_ASSUMED,grated carrot,koti2,salaatti,2020-10-26,False,11.0,84.0,True
session2089,2020-10-26 12:16:35,,koti2-oikea-salaatti1,50,American salad,tray244,2020-10-26 12:17:40,registered_2020-10-25_2020-10-31.csv,627,registered_export,50,9999-99-99 99:99:99,2020-10-26 12:16:35,2020-10-26 12:17:40,2020-10-26 12:16:35,2020-10-26 12:17:40,SOURCE_LOCAL_ASSUMED,american salad,koti2,salaatti,2020-10-26,False,76.0,644.0,True
session2102,2020-11-11 11:43:10,,vege2-salaatti1,75,American salad,tray51,2020-11-11 11:45:45,registered_2020-11-09_2020-11-15.csv,829,registered_export,75,9999-99-99 99:99:99,2020-11-11 11:43:10,2020-11-11 11:45:45,2020-11-11 11:43:10,2020-11-11 11:45:45,SOURCE_LOCAL_ASSUMED,american salad,vege2,salaatti,2020-11-11,False,8.0,280.0,True
session2104,2020.10.12 07:35:08,line,koti2-oikea-salaatti1,13,American salad,tray419,2020.10.12 07:37:02,registered_2020_10_05-2020_10_18.csv,1339,registered_export,13,9999.99.99 99:99:99,2020-10-12 07:35:08,2020-10-12 07:37:02,2020-10-12 10:35:08,2020-10-12 10:37:02,NORMALISED_PLUS_3H_STRONGEST_SUPPORT,american salad,koti2,salaatti,2020-10-12,False,6.0,4.0,True
session2111,2020-11-04 11:17:58,,koti2-vasen-salaatti1,27,American salad,tray244,2020-11-04 11:19:54,registered_2020-11-02_2020-11-08.csv,4,registered_export,27,9999-99-99 99:99:99,2020-11-04 11:17:58,2020-11-04 11:19:54,2020-11-04 11:17:58,2020-11-04 11:19:54,SOURCE_LOCAL_ASSUMED,american salad,koti2,salaatti,2020-11-04,False,1708.0,39.0,True
session2111,2020-11-04 11:18:31,,koti2-vasen-salaatti3,32,Herne-maissi-porkkana,tray244,2020-11-04 11:19:54,registered_2020-11-02_2020-11-08.csv,5,registered_export,32,9999-99-99 99:99:99,2020-11-04 11:18:31,2020-11-04 11:19:54,2020-11-04 11:18:31,2020-11-04 11:19:54,SOURCE_LOCAL_ASSUMED,herne-maissi-porkkana,koti2,salaatti,2020-11-04,False,44.0,1053.0,True
session2111,2020-11-04 11:18:41,,koti2-vasen-salaatti4,16,Cucumber,tray244,2020-11-04 11:19:54,registered_2020-11-02_2020-11-08.csv,6,registered_export,16,9999-99-99 99:99:99,2020-11-04 11:18:41,2020-11-04 11:19:54,2020-11-04 11:18:41,2020-11-04 11:19:54,SOURCE_LOCAL_ASSUMED,cucumber,koti2,salaatti,2020-11-04,False,1732.0,76.0,True
session212,2020-11-11 11:37:46,,vege2-salaatti2,28,Grated carrots and cabbage,tray440,2020-11-11 11:40:08,registered_2020-11-09_2020-11-15.csv,873,registered_export,28,9999-99-99 99:99:99,2020-11-11 11:37:46,2020-11-11 11:40:08,2020-11-11 11:37:46,2020-11-11 11:40:08,SOURCE_LOCAL_ASSUMED,grated carrots and cabbage,vege2,salaatti,2020-11-11,False,7.0,662.0,True
session212,2020-11-11 11:39:23,,koti2-oikea-lammin2,255,CHICKEN CHILI NOODLE WOK ,tray440,2020-11-11 11:40:08,registered_2020-11-09_2020-11-15.csv,878,registered_export,255,9999-99-99 99:99:99,2020-11-11 11:39:23,2020-11-11 11:40:08,2020-11-11 11:39:23,2020-11-11 11:40:08,SOURCE_LOCAL_ASSUMED,chicken chili noodle wok,koti2,lammin,2020-11-11,False,5.0,766.0,True
session213,2020-10-20 10:42:57,line,koti2-vasen-salaatti1,32,American salad,tray435,2020-10-20 10:45:15,registered_2020-10-19_2020-10-25.csv,884,registered_export,32,9999-99-99 99:99:99,2020-10-20 10:42:57,2020-10-20 10:45:15,2020-10-20 10:42:57,2020-10-20 10:45:15,SOURCE_LOCAL_ASSUMED,american salad,koti2,salaatti,2020-10-20,False,11.0,11.0,True
session2176,2020-11-18 11:10:33,,koti2-vasen-salaatti1,52,American salad,tray589,2020-11-18 11:12:40,registered_2020-11-16_2020-11-20.csv,251,registered_export,52,9999-99-99 99:99:99,2020-11-18 11:10:33,2020-11-18 11:12:40,2020-11-18 11:10:33,2020-11-18 11:12:40,SOURCE_LOCAL_ASSUMED,american salad,koti2,salaatti,2020-11-18,False,17.0,354.0,True
session2208,2020-11-03 10:51:05,,koti2-oikea-lammin2,362,Goalainen kalacurry,tray480,2020-11-03 10:52:02,registered_2020-11-02_2020-11-08.csv,1243,registered_export,362,9999-99-99 99:99:99,2020-11-03 10:51:05,2020-11-03 10:52:02,2020-11-03 10:51:05,2020-11-03 10:52:02,SOURCE_LOCAL_ASSUMED,goalainen kalacurry,koti2,lammin,2020-11-03,False,23.0,16.0,True
session2210,2020-10-26 12:18:54,,koti2-oikea-salaatti1,37,American salad,tray609,2020-10-26 12:20:06,registered_2020-10-25_2020-10-31.csv,396,registered_export,37,9999-99-99 99:99:99,2020-10-26 12:18:54,2020-10-26 12:20:06,2020-10-26 12:18:54,2020-10-26 12:20:06,SOURCE_LOCAL_ASSUMED,american salad,koti2,salaatti,2020-10-26,False,18.0,11.0,True
session222,2020-10-21 10:38:49,line,koti2-oikea-salaatti1,22,American salad,tray397,2020-10-21 10:40:34,registered_2020-10-19_2020-10-25.csv,923,registered_export,22,9999-99-99 99:99:99,2020-10-21 10:38:49,2020-10-21 10:40:34,2020-10-21 10:38:49,2020-10-21 10:40:34,SOURCE_LOCAL_ASSUMED,american salad,koti2,salaatti,2020-10-21,False,8.0,347.0,True
session2298,2020.10.13 07:40:38,line,koti2-oikea-salaatti3,20,Tomato,tray544,2020.10.13 07:42:00,registered_2020_10_05-2020_10_18.csv,928,registered_export,20,9999.99.99 99:99:99,2020-10-13 07:40:38,2020-10-13 07:42:00,2020-10-13 10:40:38,2020-10-13 10:42:00,NORMALISED_PLUS_3H_STRONGEST_SUPPORT,tomato,koti2,salaatti,2020-10-13,False,8.0,886.0,True
session23,2020.10.12 08:22:26,line,koti2-vasen-lammin4,132,Rice,tray673,2020.10.12 08:23:23,registered_2020_10_05-2020_10_18.csv,1068,registered_export,132,9999.99.99 99:99:99,2020-10-12 08:22:26,2020-10-12 08:23:23,2020-10-12 11:22:26,2020-10-12 11:23:23,NORMALISED_PLUS_3H_STRONGEST_SUPPORT,rice,koti2,lammin,2020-10-12,False,13.0,22.0,True
session2305,2020-10-20 11:53:58,line,koti2-vasen-salaatti2,60,Grated cabbage,tray523,2020-10-20 11:56:17,registered_2020-10-19_2020-10-25.csv,344,registered_export,60,9999-99-99 99:99:99,2020-10-20 11:53:58,2020-10-20 11:56:17,2020-10-20 11:53:58,2020-10-20 11:56:17,SOURCE_LOCAL_ASSUMED,grated cabbage,koti2,salaatti,2020-10-20,False,14.0,662.0,True
session2305,2020-10-20 11:54:33,line,koti2-vasen-salaatti4,115,Hedelmäsalaatti,tray523,2020-10-20 11:56:17,registered_2020-10-19_2020-10-25.csv,347,registered_export,115,9999-99-99 99:99:99,2020-10-20 11:54:33,2020-10-20 11:56:17,2020-10-20 11:54:33,2020-10-20 11:56:17,SOURCE_LOCAL_ASSUMED,hedelmäsalaatti,koti2,salaatti,2020-10-20,False,5.0,753.0,True
session2307,2020-11-03 11:34:31,,vege2-lammin1,206,Rice,tray69,2020-11-03 11:35:46,registered_2020-11-02_2020-11-08.csv,848,registered_export,206,9999-99-99 99:99:99,2020-11-03 11:34:31,2020-11-03 11:35:46,2020-11-03 11:34:31,2020-11-03 11:35:46,SOURCE_LOCAL_ASSUMED,rice,vege2,lammin,2020-11-03,False,9.0,880.0,True
session2310,2020.10.13 08:14:15,line,koti2-vasen-salaatti1,13,American salad,tray257,2020.10.13 08:17:02,registered_2020_10_05-2020_10_18.csv,78,registered_export,13,9999.99.99 99:99:99,2020-10-13 08:14:15,2020-10-13 08:17:02,2020-10-13 11:14:15,2020-10-13 11:17:02,NORMALISED_PLUS_3H_STRONGEST_SUPPORT,american salad,koti2,salaatti,2020-10-13,False,7.0,12.0,True
session2310,2020.10.13 08:14:39,line,koti2-vasen-salaatti2,6,Marinated cabbage,tray257,2020.10.13 08:17:02,registered_2020_10_05-2020_10_18.csv,80,registered_export,6,9999.99.99 99:99:99,2020-10-13 08:14:39,2020-10-13 08:17:02,2020-10-13 11:14:39,2020-10-13 11:17:02,NORMALISED_PLUS_3H_STRONGEST_SUPPORT,marinated cabbage,koti2,salaatti,2020-10-13,False,9.0,859.0,True
session2359,2020-10-27 10:54:30,,koti2-oikea-salaatti2,42,Punakaali-porkkanaraaste,tray516,2020-10-27 10:56:05,registered_2020-10-25_2020-10-31.csv,1260,registered_export,42,9999-99-99 99:99:99,2020-10-27 10:54:30,2020-10-27 10:56:05,2020-10-27 10:54:30,2020-10-27 10:56:05,SOURCE_LOCAL_ASSUMED,punakaali-porkkanaraaste,koti2,salaatti,2020-10-27,False,10.0,8.0,True
session2367,2020-11-03 11:26:55,,koti2-oikea-salaatti4,57,Pastasalaatti,tray173,2020-11-03 11:28:37,registered_2020-11-02_2020-11-08.csv,926,registered_export,57,9999-99-99 99:99:99,2020-11-03 11:26:55,2020-11-03 11:28:37,2020-11-03 11:26:55,2020-11-03 11:28:37,SOURCE_LOCAL_ASSUMED,pastasalaatti,koti2,salaatti,2020-11-03,False,16.0,11.0,True
session2367,2020-11-03 11:27:48,,koti2-oikea-lammin6,116,Hawaijinleike,tray173,2020-11-03 11:28:37,registered_2020-11-02_2020-11-08.csv,929,registered_export,116,9999-99-99 99:99:99,2020-11-03 11:27:48,2020-11-03 11:28:37,2020-11-03 11:27:48,2020-11-03 11:28:37,SOURCE_LOCAL_ASSUMED,hawaijinleike,koti2,lammin,2020-11-03,False,7.0,4.0,True
session2370,2020-10-20 11:55:28,line,koti2-oikea-lammin3,98,Onion and cream sauce,tray510,2020-10-20 11:55:46,registered_2020-10-19_2020-10-25.csv,1299,registered_export,98,9999-99-99 99:99:99,2020-10-20 11:55:28,2020-10-20 11:55:46,2020-10-20 11:55:28,2020-10-20 11:55:46,SOURCE_LOCAL_ASSUMED,onion and cream sauce,koti2,lammin,2020-10-20,False,7.0,9.0,True
session2375,2020-11-12 11:05:16,,koti2-oikea-salaatti4,5,Maustekurkku,tray1,2020-11-12 11:07:00,registered_2020-11-09_2020-11-15.csv,818,registered_export,5,9999-99-99 99:99:99,2020-11-12 11:05:16,2020-11-12 11:07:00,2020-11-12 11:05:16,2020-11-12 11:07:00,SOURCE_LOCAL_ASSUMED,maustekurkku,koti2,salaatti,2020-11-12,False,11.0,3.0,True
session2379,2020-10-20 12:09:00,line,koti2-oikea-salaatti2,21,Grated cabbage,tray12,2020-10-20 12:10:14,registered_2020-10-19_2020-10-25.csv,271,registered_export,21,9999-99-99 99:99:99,2020-10-20 12:09:00,2020-10-20 12:10:14,2020-10-20 12:09:00,2020-10-20 12:10:14,SOURCE_LOCAL_ASSUMED,grated cabbage,koti2,salaatti,2020-10-20,False,20.0,3.0,True
session2382,2020-11-11 11:54:49,,koti2-vasen-lammin5,216,Pork kassler with bbq sauce,tray456,2020-11-11 11:55:07,registered_2020-11-09_2020-11-15.csv,1123,registered_export,216,9999-99-99 99:99:99,2020-11-11 11:54:49,2020-11-11 11:55:07,2020-11-11 11:54:49,2020-11-11 11:55:07,SOURCE_LOCAL_ASSUMED,pork kassler with bbq sauce,koti2,lammin,2020-11-11,False,15.0,13.0,True
session2391,2020-10-27 11:56:15,,vege2-salaatti1,3,American salad,tray136,2020-10-27 11:58:14,registered_2020-10-25_2020-10-31.csv,821,registered_export,3,9999-99-99 99:99:99,2020-10-27 11:56:15,2020-10-27 11:58:14,2020-10-27 11:56:15,2020-10-27 11:58:14,SOURCE_LOCAL_ASSUMED,american salad,vege2,salaatti,2020-10-27,False,26.0,22.0,True
session2441,2020-10-27 11:33:56,,koti2-oikea-salaatti2,23,Punakaali-porkkanaraaste,tray118,2020-10-27 11:35:43,registered_2020-10-25_2020-10-31.csv,794,registered_export,23,9999-99-99 99:99:99,2020-10-27 11:33:56,2020-10-27 11:35:43,2020-10-27 11:33:56,2020-10-27 11:35:43,SOURCE_LOCAL_ASSUMED,punakaali-porkkanaraaste,koti2,salaatti,2020-10-27,False,34.0,776.0,True
session2448,2020-10-19 11:57:50,line,koti2-oikea-salaatti2,57,Grated carrot,tray229,2020-10-19 11:59:49,registered_2020-10-19_2020-10-25.csv,1042,registered_export,57,9999-99-99 99:99:99,2020-10-19 11:57:50,2020-10-19 11:59:49,2020-10-19 11:57:50,2020-10-19 11:59:49,SOURCE_LOCAL_ASSUMED,grated carrot,koti2,salaatti,2020-10-19,False,5.0,670.0,True
session2448,2020-10-19 11:58:57,line,koti2-oikea-lammin4,89,Boiled potato,tray229,2020-10-19 11:59:49,registered_2020-10-19_2020-10-25.csv,1046,registered_export,89,9999-99-99 99:99:99,2020-10-19 11:58:57,2020-10-19 11:59:49,2020-10-19 11:58:57,2020-10-19 11:59:49,SOURCE_LOCAL_ASSUMED,boiled potato,koti2,lammin,2020-10-19,False,4.0,761.0,True
session245,2020.10.14 07:33:23,line,koti2-vasen-salaatti1,46,American salad,tray54,2020.10.14 07:35:52,registered_2020_10_05-2020_10_18.csv,848,registered_export,46,9999.99.99 99:99:99,2020-10-14 07:33:23,2020-10-14 07:35:52,2020-10-14 10:33:23,2020-10-14 10:35:52,NORMALISED_PLUS_3H_STRONGEST_SUPPORT,american salad,koti2,salaatti,2020-10-14,False,18.0,188.0,True
session2455,2020-11-09 12:22:17,,koti2-oikea-salaatti1,76,American salad,tray203,2020-11-09 12:23:36,registered_2020-11-09_2020-11-15.csv,1027,registered_export,76,9999-99-99 99:99:99,2020-11-09 12:22:17,2020-11-09 12:23:36,2020-11-09 12:22:17,2020-11-09 12:23:36,SOURCE_LOCAL_ASSUMED,american salad,koti2,salaatti,2020-11-09,False,6.0,432.0,True
session2465,2020-11-04 11:34:25,,koti2-oikea-salaatti4,22,Cucumber,tray437,2020-11-04 11:35:55,registered_2020-11-02_2020-11-08.csv,592,registered_export,22,9999-99-99 99:99:99,2020-11-04 11:34:25,2020-11-04 11:35:55,2020-11-04 11:34:25,2020-11-04 11:35:55,SOURCE_LOCAL_ASSUMED,cucumber,koti2,salaatti,2020-11-04,False,14.0,8.0,True
session2466,2020-10-27 11:41:03,,koti2-vasen-lammin1,144,Rice,tray271,2020-10-27 11:42:15,registered_2020-10-25_2020-10-31.csv,7,registered_export,144,9999-99-99 99:99:99,2020-10-27 11:41:03,2020-10-27 11:42:15,2020-10-27 11:41:03,2020-10-27 11:42:15,SOURCE_LOCAL_ASSUMED,rice,koti2,lammin,2020-10-27,False,20.0,624.0,True
session2472,2020.10.07 08:25:08,line,vege2-salaatti1,46,American salad,tray593,2020.10.07 08:26:40,registered_2020_10_05-2020_10_18.csv,800,registered_export,46,9999.99.99 99:99:99,2020-10-07 08:25:08,2020-10-07 08:26:40,2020-10-07 11:25:08,2020-10-07 11:26:40,NORMALISED_PLUS_3H_STRONGEST_SUPPORT,american salad,vege2,salaatti,2020-10-07,False,6.0,1225.0,True
session2472,2020.10.07 08:26:04,line,vege2-lammin1,52,Rice,tray593,2020.10.07 08:26:40,registered_2020_10_05-2020_10_18.csv,805,registered_export,52,9999.99.99 99:99:99,2020-10-07 08:26:04,2020-10-07 08:26:40,2020-10-07 11:26:04,2020-10-07 11:26:40,NORMALISED_PLUS_3H_STRONGEST_SUPPORT,rice,vege2,lammin,2020-10-07,False,14.0,3.0,True
session2475,2020-10-19 10:41:28,line,koti2-oikea-salaatti1,37,American salad,tray435,2020-10-19 10:42:36,registered_2020-10-19_2020-10-25.csv,1105,registered_export,37,9999-99-99 99:99:99,2020-10-19 10:41:28,2020-10-19 10:42:36,2020-10-19 10:41:28,2020-10-19 10:42:36,SOURCE_LOCAL_ASSUMED,american salad,koti2,salaatti,2020-10-19,False,9.0,9.0,True
session2507,2020-11-09 11:41:12,,koti2-oikea-salaatti1,73,American salad,tray681,2020-11-09 11:42:54,registered_2020-11-09_2020-11-15.csv,408,registered_export,73,9999-99-99 99:99:99,2020-11-09 11:41:12,2020-11-09 11:42:54,2020-11-09 11:41:12,2020-11-09 11:42:54,SOURCE_LOCAL_ASSUMED,american salad,koti2,salaatti,2020-11-09,False,42.0,398.0,True
session2507,2020-11-09 11:41:26,,koti2-oikea-salaatti2,24,Grated carrot,tray681,2020-11-09 11:42:54,registered_2020-11-09_2020-11-15.csv,409,registered_export,24,9999-99-99 99:99:99,2020-11-09 11:41:26,2020-11-09 11:42:54,2020-11-09 11:41:26,2020-11-09 11:42:54,SOURCE_LOCAL_ASSUMED,grated carrot,koti2,salaatti,2020-11-09,False,30.0,2.0,True
session2510,2020.10.06 08:11:16,line,koti2-oikea-salaatti1,46,American salad,tray108,2020.10.06 08:13:47,registered_2020_10_05-2020_10_18.csv,608,registered_export,46,9999.99.99 99:99:99,2020-10-06 08:11:16,2020-10-06 08:13:47,2020-10-06 11:11:16,2020-10-06 11:13:47,NORMALISED_PLUS_3H_STRONGEST_SUPPORT,american salad,koti2,salaatti,2020-10-06,False,15.0,1226.0,True
session2529,2020-10-27 12:10:08,,vege2-salaatti3,65,Corn,tray104,2020-10-27 12:12:12,registered_2020-10-25_2020-10-31.csv,1130,registered_export,65,9999-99-99 99:99:99,2020-10-27 12:10:08,2020-10-27 12:12:12,2020-10-27 12:10:08,2020-10-27 12:12:12,SOURCE_LOCAL_ASSUMED,corn,vege2,salaatti,2020-10-27,False,14.0,3.0,True
session2536,2020-10-21 12:26:33,line,vege2-lammin5,158,House made lentil patties,tray448,2020-10-21 12:27:13,registered_2020-10-19_2020-10-25.csv,109,registered_export,158,9999-99-99 99:99:99,2020-10-21 12:26:33,2020-10-21 12:27:13,2020-10-21 12:26:33,2020-10-21 12:27:13,SOURCE_LOCAL_ASSUMED,house made lentil patties,vege2,lammin,2020-10-21,False,15.0,19.0,True
session2551,2020-10-27 11:29:28,,koti2-oikea-salaatti1,94,American salad,tray41,2020-10-27 11:31:37,registered_2020-10-25_2020-10-31.csv,304,registered_export,94,9999-99-99 99:99:99,2020-10-27 11:29:28,2020-10-27 11:31:37,2020-10-27 11:29:28,2020-10-27 11:31:37,SOURCE_LOCAL_ASSUMED,american salad,koti2,salaatti,2020-10-27,False,18.0,623.0,True
session2551,2020-10-27 11:30:32,,koti2-oikea-lammin1,123,Rice,tray41,2020-10-27 11:31:37,registered_2020-10-25_2020-10-31.csv,309,registered_export,123,9999-99-99 99:99:99,2020-10-27 11:30:32,2020-10-27 11:31:37,2020-10-27 11:30:32,2020-10-27 11:31:37,SOURCE_LOCAL_ASSUMED,rice,koti2,lammin,2020-10-27,False,12.0,21.0,True
session2551,2020-10-27 11:30:56,,koti2-oikea-lammin2,152,Lemon chicken,tray41,2020-10-27 11:31:37,registered_2020-10-25_2020-10-31.csv,311,registered_export,152,9999-99-99 99:99:99,2020-10-27 11:30:56,2020-10-27 11:31:37,2020-10-27 11:30:56,2020-10-27 11:31:37,SOURCE_LOCAL_ASSUMED,lemon chicken,koti2,lammin,2020-10-27,False,8.0,32.0,True
session2571,2020-10-19 10:44:07,line,koti2-oikea-salaatti1,58,American salad,tray347,2020-10-19 10:45:48,registered_2020-10-19_2020-10-25.csv,2,registered_export,58,9999-99-99 99:99:99,2020-10-19 10:44:07,2020-10-19 10:45:48,2020-10-19 10:44:07,2020-10-19 10:45:48,SOURCE_LOCAL_ASSUMED,american salad,koti2,salaatti,2020-10-19,False,7.0,620.0,True
session2582,2020.10.13 07:59:04,line,koti2-vasen-salaatti1,11,American salad,tray263,2020.10.13 08:00:54,registered_2020_10_05-2020_10_18.csv,301,registered_export,11,9999.99.99 99:99:99,2020-10-13 07:59:04,2020-10-13 08:00:54,2020-10-13 10:59:04,2020-10-13 11:00:54,NORMALISED_PLUS_3H_STRONGEST_SUPPORT,american salad,koti2,salaatti,2020-10-13,False,12.0,359.0,True
session2597,2020-11-11 11:37:15,,vege2-salaatti3,22,Tomato,tray535,2020-11-11 11:38:54,registered_2020-11-09_2020-11-15.csv,1261,registered_export,22,9999-99-99 99:99:99,2020-11-11 11:37:15,2020-11-11 11:38:54,2020-11-11 11:37:15,2020-11-11 11:38:54,SOURCE_LOCAL_ASSUMED,tomato,vege2,salaatti,2020-11-11,False,14.0,709.0,True
session260,2020-11-03 10:37:42,,koti2-oikea-salaatti1,31,American salad,tray28,2020-11-03 10:39:10,registered_2020-11-02_2020-11-08.csv,1478,registered_export,31,9999-99-99 99:99:99,2020-11-03 10:37:42,2020-11-03 10:39:10,2020-11-03 10:37:42,2020-11-03 10:39:10,SOURCE_LOCAL_ASSUMED,american salad,koti2,salaatti,2020-11-03,False,8.0,628.0,True
session2603,2020-10-27 12:01:56,,vege2-salaatti1,33,American salad,tray407,2020-10-27 12:03:43,registered_2020-10-25_2020-10-31.csv,99,registered_export,33,9999-99-99 99:99:99,2020-10-27 12:01:56,2020-10-27 12:03:43,2020-10-27 12:01:56,2020-10-27 12:03:43,SOURCE_LOCAL_ASSUMED,american salad,vege2,salaatti,2020-10-27,False,18.0,592.0,True
session2604,2020-11-04 11:55:31,,koti2-oikea-salaatti2,51,Kaali-porkkanaraaste,tray431,2020-11-04 11:57:52,registered_2020-11-02_2020-11-08.csv,483,registered_export,51,9999-99-99 99:99:99,2020-11-04 11:55:31,2020-11-04 11:57:52,2020-11-04 11:55:31,2020-11-04 11:57:52,SOURCE_LOCAL_ASSUMED,kaali-porkkanaraaste,koti2,salaatti,2020-11-04,False,53.0,663.0,True
session2621,2020-11-03 11:29:33,,vege2-salaatti3,61,Parsakaali-kukkakaali,tray227,2020-11-03 11:31:19,registered_2020-11-02_2020-11-08.csv,245,registered_export,61,9999-99-99 99:99:99,2020-11-03 11:29:33,2020-11-03 11:31:19,2020-11-03 11:29:33,2020-11-03 11:31:19,SOURCE_LOCAL_ASSUMED,parsakaali-kukkakaali,vege2,salaatti,2020-11-03,False,13.0,4.0,True
session2639,2020-11-12 11:05:03,,vege2-lammin5,150,Paputäyte,tray58,2020-11-12 11:06:02,registered_2020-11-09_2020-11-15.csv,1034,registered_export,150,9999-99-99 99:99:99,2020-11-12 11:05:03,2020-11-12 11:06:02,2020-11-12 11:05:03,2020-11-12 11:06:02,SOURCE_LOCAL_ASSUMED,paputäyte,vege2,lammin,2020-11-12,False,20.0,8.0,True
session2647,2020-10-26 10:58:09,,vege2-salaatti1,6,American salad,tray484,2020-10-26 11:01:21,registered_2020-10-25_2020-10-31.csv,697,registered_export,6,9999-99-99 99:99:99,2020-10-26 10:58:09,2020-10-26 11:01:21,2020-10-26 10:58:09,2020-10-26 11:01:21,SOURCE_LOCAL_ASSUMED,american salad,vege2,salaatti,2020-10-26,False,12.0,63.0,True
session2696,2020-10-21 11:04:56,line,koti2-vasen-salaatti1,88,American salad,tray407,2020-10-21 11:07:30,registered_2020-10-19_2020-10-25.csv,914,registered_export,88,9999-99-99 99:99:99,2020-10-21 11:04:56,2020-10-21 11:07:30,2020-10-21 11:04:56,2020-10-21 11:07:30,SOURCE_LOCAL_ASSUMED,american salad,koti2,salaatti,2020-10-21,False,10.0,3.0,True
session2704,2020.10.12 08:32:43,line,koti2-oikea-salaatti3,36,Tomato,tray207,2020.10.12 08:34:58,registered_2020_10_05-2020_10_18.csv,258,registered_export,36,9999.99.99 99:99:99,2020-10-12 08:32:43,2020-10-12 08:34:58,2020-10-12 11:32:43,2020-10-12 11:34:58,NORMALISED_PLUS_3H_STRONGEST_SUPPORT,tomato,koti2,salaatti,2020-10-12,False,10.0,11.0,True
session273,2020.10.07 08:32:57,line,koti2-oikea-salaatti1,47,American salad,tray246,2020.10.07 08:34:46,registered_2020_10_05-2020_10_18.csv,323,registered_export,47,9999.99.99 99:99:99,2020-10-07 08:32:57,2020-10-07 08:34:46,2020-10-07 11:32:57,2020-10-07 11:34:46,NORMALISED_PLUS_3H_STRONGEST_SUPPORT,american salad,koti2,salaatti,2020-10-07,False,11.0,607.0,True
session2744,2020-10-19 11:01:14,line,vege2-salaatti1,32,American salad,tray287,2020-10-19 11:03:19,registered_2020-10-19_2020-10-25.csv,653,registered_export,32,9999-99-99 99:99:99,2020-10-19 11:01:14,2020-10-19 11:03:19,2020-10-19 11:01:14,2020-10-19 11:03:19,SOURCE_LOCAL_ASSUMED,american salad,vege2,salaatti,2020-10-19,False,25.0,1382.0,True
session2744,2020-10-19 11:01:57,line,vege2-salaatti3,38,Tomato and onion,tray287,2020-10-19 11:03:19,registered_2020-10-19_2020-10-25.csv,656,registered_export,38,9999-99-99 99:99:99,2020-10-19 11:01:57,2020-10-19 11:03:19,2020-10-19 11:01:57,2020-10-19 11:03:19,SOURCE_LOCAL_ASSUMED,tomato and onion,vege2,salaatti,2020-10-19,False,10.0,5.0,True
session2744,2020-10-19 11:02:35,line,vege2-lammin2,123,Vegaani Bataattia lehtikaali-maapähkinäkastikkeessa ,tray287,2020-10-19 11:03:19,registered_2020-10-19_2020-10-25.csv,659,registered_export,123,9999-99-99 99:99:99,2020-10-19 11:02:35,2020-10-19 11:03:19,2020-10-19 11:02:35,2020-10-19 11:03:19,SOURCE_LOCAL_ASSUMED,vegaani bataattia lehtikaali-maapähkinäkastikkeessa,vege2,lammin,2020-10-19,False,5.0,16.0,True
session2776,2020-10-21 11:37:09,line,koti2-vasen-salaatti3,72,Kesäkurpitsa-paprika,tray542,2020-10-21 11:38:45,registered_2020-10-19_2020-10-25.csv,290,registered_export,72,9999-99-99 99:99:99,2020-10-21 11:37:09,2020-10-21 11:38:45,2020-10-21 11:37:09,2020-10-21 11:38:45,SOURCE_LOCAL_ASSUMED,kesäkurpitsa-paprika,koti2,salaatti,2020-10-21,False,25.0,12.0,True
session2786,2020-10-19 12:05:06,line,vege2-salaatti2,73,Grated carrot,tray389,2020-10-19 12:06:48,registered_2020-10-19_2020-10-25.csv,712,registered_export,73,9999-99-99 99:99:99,2020-10-19 12:05:06,2020-10-19 12:06:48,2020-10-19 12:05:06,2020-10-19 12:06:48,SOURCE_LOCAL_ASSUMED,grated carrot,vege2,salaatti,2020-10-19,False,8.0,675.0,True
session2804,2020-11-09 11:56:54,,koti2-oikea-salaatti1,24,American salad,tray394,2020-11-09 11:58:12,registered_2020-11-09_2020-11-15.csv,60,registered_export,24,9999-99-99 99:99:99,2020-11-09 11:56:54,2020-11-09 11:58:12,2020-11-09 11:56:54,2020-11-09 11:58:12,SOURCE_LOCAL_ASSUMED,american salad,koti2,salaatti,2020-11-09,False,9.0,618.0,True
session2809,2020.10.06 07:46:24,line,koti2-vasen-salaatti1,54,American salad,tray646,2020.10.06 07:47:52,registered_2020_10_05-2020_10_18.csv,61,registered_export,54,9999.99.99 99:99:99,2020-10-06 07:46:24,2020-10-06 07:47:52,2020-10-06 10:46:24,2020-10-06 10:47:52,NORMALISED_PLUS_3H_STRONGEST_SUPPORT,american salad,koti2,salaatti,2020-10-06,False,11.0,21.0,True
session2834,2020-11-04 12:19:06,,koti2-oikea-salaatti1,23,American salad,tray449,2020-11-04 12:21:28,registered_2020-11-02_2020-11-08.csv,270,registered_export,23,9999-99-99 99:99:99,2020-11-04 12:19:06,2020-11-04 12:21:28,2020-11-04 12:19:06,2020-11-04 12:21:28,SOURCE_LOCAL_ASSUMED,american salad,koti2,salaatti,2020-11-04,False,40.0,6.0,True
session2846,2020-10-20 10:58:58,line,koti2-oikea-lammin1,166,Mashed potatoes,tray163,2020-10-20 11:00:11,registered_2020-10-19_2020-10-25.csv,673,registered_export,166,9999-99-99 99:99:99,2020-10-20 10:58:58,2020-10-20 11:00:11,2020-10-20 10:58:58,2020-10-20 11:00:11,SOURCE_LOCAL_ASSUMED,mashed potatoes,koti2,lammin,2020-10-20,False,14.0,704.0,True
session2849,2020.10.14 07:59:06,line,vege2-lammin1,217,Boiled potato,tray356,2020.10.14 08:00:16,registered_2020_10_05-2020_10_18.csv,462,registered_export,217,9999.99.99 99:99:99,2020-10-14 07:59:06,2020-10-14 08:00:16,2020-10-14 10:59:06,2020-10-14 11:00:16,NORMALISED_PLUS_3H_STRONGEST_SUPPORT,boiled potato,vege2,lammin,2020-10-14,False,24.0,604.0,True
session2876,2020-10-26 10:49:53,,koti2-oikea-salaatti3,63,Tomaatti-papu,tray231,2020-10-26 10:51:30,registered_2020-10-25_2020-10-31.csv,1062,registered_export,63,9999-99-99 99:99:99,2020-10-26 10:49:53,2020-10-26 10:51:30,2020-10-26 10:49:53,2020-10-26 10:51:30,SOURCE_LOCAL_ASSUMED,tomaatti-papu,koti2,salaatti,2020-10-26,False,7.0,7.0,True
session2885,2020-10-19 11:59:08,line,koti2-oikea-salaatti4,26,Maustekurkku,tray330,2020-10-19 12:00:57,registered_2020-10-19_2020-10-25.csv,174,registered_export,26,9999-99-99 99:99:99,2020-10-19 11:59:08,2020-10-19 12:00:57,2020-10-19 11:59:08,2020-10-19 12:00:57,SOURCE_LOCAL_ASSUMED,maustekurkku,koti2,salaatti,2020-10-19,False,11.0,6.0,True
session2896,2020.10.13 07:51:23,line,koti2-vasen-salaatti3,3,Tomato,tray125,2020.10.13 07:53:38,registered_2020_10_05-2020_10_18.csv,112,registered_export,3,9999.99.99 99:99:99,2020-10-13 07:51:23,2020-10-13 07:53:38,2020-10-13 10:51:23,2020-10-13 10:53:38,NORMALISED_PLUS_3H_STRONGEST_SUPPORT,tomato,koti2,salaatti,2020-10-13,False,26.0,678.0,True
session2918,2020.10.05 08:41:19,line,koti2-oikea-salaatti1,15,American salad,tray346,2020.10.05 08:43:25,registered_2020_10_05-2020_10_18.csv,101,registered_export,15,9999.99.99 99:99:99,2020-10-05 08:41:19,2020-10-05 08:43:25,2020-10-05 11:41:19,2020-10-05 11:43:25,NORMALISED_PLUS_3H_STRONGEST_SUPPORT,american salad,koti2,salaatti,2020-10-05,False,9.0,614.0,True
session2968,2020-11-06 10:36:17,,koti2-oikea-salaatti2,27,Grated carrot and swede,tray378,2020-11-06 10:38:03,registered_2020-11-02_2020-11-08.csv,234,registered_export,27,9999-99-99 99:99:99,2020-11-06 10:36:17,2020-11-06 10:38:03,2020-11-06 10:36:17,2020-11-06 10:38:03,SOURCE_LOCAL_ASSUMED,grated carrot and swede,koti2,salaatti,2020-11-06,False,7.0,4.0,True
session3014,2020-11-06 11:36:46,,koti2-oikea-salaatti2,49,Grated carrot and swede,tray227,2020-11-06 11:37:49,registered_2020-11-02_2020-11-08.csv,1268,registered_export,49,9999-99-99 99:99:99,2020-11-06 11:36:46,2020-11-06 11:37:49,2020-11-06 11:36:46,2020-11-06 11:37:49,SOURCE_LOCAL_ASSUMED,grated carrot and swede,koti2,salaatti,2020-11-06,False,6.0,366.0,True
session3020,2020-11-03 11:25:32,,vege2-salaatti2,31,Grated carrot,tray364,2020-11-03 11:27:35,registered_2020-11-02_2020-11-08.csv,1072,registered_export,31,9999-99-99 99:99:99,2020-11-03 11:25:32,2020-11-03 11:27:35,2020-11-03 11:25:32,2020-11-03 11:27:35,SOURCE_LOCAL_ASSUMED,grated carrot,vege2,salaatti,2020-11-03,False,13.0,35.0,True
session309,2020-11-20 11:02:55,,koti2-oikea-salaatti3,77,Tomaatti-punasipuli,tray524,2020-11-20 11:05:21,registered_2020-11-16_2020-11-20.csv,338,registered_export,77,9999-99-99 99:99:99,2020-11-20 11:02:55,2020-11-20 11:05:21,2020-11-20 11:02:55,2020-11-20 11:05:21,SOURCE_LOCAL_ASSUMED,tomaatti-punasipuli,koti2,salaatti,2020-11-20,False,10.0,9.0,True
session3097,2020.10.13 08:59:05,line,vege2-salaatti1,18,American salad,tray347,2020.10.13 09:01:16,registered_2020_10_05-2020_10_18.csv,1923,registered_export,18,9999.99.99 99:99:99,2020-10-13 08:59:05,2020-10-13 09:01:16,2020-10-13 11:59:05,2020-10-13 12:01:16,NORMALISED_PLUS_3H_STRONGEST_SUPPORT,american salad,vege2,salaatti,2020-10-13,False,17.0,12.0,True
session3117,2020-11-11 11:27:49,,koti2-vasen-lammin6,60,KÖYHÄT RITARIT,tray654,2020-11-11 11:29:02,registered_2020-11-09_2020-11-15.csv,700,registered_export,60,9999-99-99 99:99:99,2020-11-11 11:27:49,2020-11-11 11:29:02,2020-11-11 11:27:49,2020-11-11 11:29:02,SOURCE_LOCAL_ASSUMED,köyhät ritarit,koti2,lammin,2020-11-11,False,16.0,305.0,True
session3119,2020.10.07 09:00:42,line,koti2-vasen-salaatti1,43,American salad,tray580,2020.10.07 09:03:05,registered_2020_10_05-2020_10_18.csv,295,registered_export,43,9999.99.99 99:99:99,2020-10-07 09:00:42,2020-10-07 09:03:05,2020-10-07 12:00:42,2020-10-07 12:03:05,NORMALISED_PLUS_3H_STRONGEST_SUPPORT,american salad,koti2,salaatti,2020-10-07,False,12.0,446.0,True
session3178,2020-10-19 12:06:53,line,koti2-oikea-lammin2,302,Kebab-pyttipannu ,tray528,2020-10-19 12:07:48,registered_2020-10-19_2020-10-25.csv,268,registered_export,302,9999-99-99 99:99:99,2020-10-19 12:06:53,2020-10-19 12:07:48,2020-10-19 12:06:53,2020-10-19 12:07:48,SOURCE_LOCAL_ASSUMED,kebab-pyttipannu,koti2,lammin,2020-10-19,False,8.0,763.0,True
session3181,2020-11-04 10:43:27,,koti2-oikea-lammin2,101,minced meat patties,tray116,2020-11-04 10:44:20,registered_2020-11-02_2020-11-08.csv,1218,registered_export,101,9999-99-99 99:99:99,2020-11-04 10:43:27,2020-11-04 10:44:20,2020-11-04 10:43:27,2020-11-04 10:44:20,SOURCE_LOCAL_ASSUMED,minced meat patties,koti2,lammin,2020-11-04,False,8.0,852.0,True
session3183,2020-11-03 11:08:41,,koti2-oikea-salaatti2,28,Kaali-porkkanaraaste,tray673,2020-11-03 11:10:07,registered_2020-11-02_2020-11-08.csv,1094,registered_export,28,9999-99-99 99:99:99,2020-11-03 11:08:41,2020-11-03 11:10:07,2020-11-03 11:08:41,2020-11-03 11:10:07,SOURCE_LOCAL_ASSUMED,kaali-porkkanaraaste,koti2,salaatti,2020-11-03,False,29.0,627.0,True
session3195,2020-10-27 11:57:28,,koti2-vasen-salaatti2,43,Punakaali-porkkanaraaste,tray516,2020-10-27 11:59:44,registered_2020-10-25_2020-10-31.csv,554,registered_export,43,9999-99-99 99:99:99,2020-10-27 11:57:28,2020-10-27 11:59:44,2020-10-27 11:57:28,2020-10-27 11:59:44,SOURCE_LOCAL_ASSUMED,punakaali-porkkanaraaste,koti2,salaatti,2020-10-27,False,11.0,24.0,True
session320,2020.10.07 08:54:02,line,koti2-vasen-salaatti2,46,Kaali-porkkanaraaste,tray432,2020.10.07 08:56:42,registered_2020_10_05-2020_10_18.csv,678,registered_export,46,9999.99.99 99:99:99,2020-10-07 08:54:02,2020-10-07 08:56:42,2020-10-07 11:54:02,2020-10-07 11:56:42,NORMALISED_PLUS_3H_STRONGEST_SUPPORT,kaali-porkkanaraaste,koti2,salaatti,2020-10-07,False,24.0,1617.0,True
session321,2020-10-26 12:26:45,,koti2-oikea-salaatti1,34,American salad,tray380,2020-10-26 12:28:33,registered_2020-10-25_2020-10-31.csv,1234,registered_export,34,9999-99-99 99:99:99,2020-10-26 12:26:45,2020-10-26 12:28:33,2020-10-26 12:26:45,2020-10-26 12:28:33,SOURCE_LOCAL_ASSUMED,american salad,koti2,salaatti,2020-10-26,False,13.0,405.0,True
session3213,2020-11-04 11:18:30,,koti2-vasen-salaatti1,3,American salad,tray58,2020-11-04 11:21:29,registered_2020-11-02_2020-11-08.csv,304,registered_export,3,9999-99-99 99:99:99,2020-11-04 11:18:30,2020-11-04 11:21:29,2020-11-04 11:18:30,2020-11-04 11:21:29,SOURCE_LOCAL_ASSUMED,american salad,koti2,salaatti,2020-11-04,False,13.0,3.0,True
session3253,2020.10.06 08:38:53,line,vege2-salaatti1,100,American salad,tray617,2020.10.06 08:40:35,registered_2020_10_05-2020_10_18.csv,904,registered_export,100,9999.99.99 99:99:99,2020-10-06 08:38:53,2020-10-06 08:40:35,2020-10-06 11:38:53,2020-10-06 11:40:35,NORMALISED_PLUS_3H_STRONGEST_SUPPORT,american salad,vege2,salaatti,2020-10-06,False,6.0,1126.0,True
session3296,2020.10.14 08:10:49,line,koti2-oikea-salaatti1,59,American salad,tray171,2020.10.14 08:12:26,registered_2020_10_05-2020_10_18.csv,1862,registered_export,59,9999.99.99 99:99:99,2020-10-14 08:10:49,2020-10-14 08:12:26,2020-10-14 11:10:49,2020-10-14 11:12:26,NORMALISED_PLUS_3H_STRONGEST_SUPPORT,american salad,koti2,salaatti,2020-10-14,False,7.0,378.0,True
session3318,2020-10-19 10:41:57,line,vege2-lammin4,123,Rice,tray531,2020-10-19 10:42:28,registered_2020-10-19_2020-10-25.csv,967,registered_export,123,9999-99-99 99:99:99,2020-10-19 10:41:57,2020-10-19 10:42:28,2020-10-19 10:41:57,2020-10-19 10:42:28,SOURCE_LOCAL_ASSUMED,rice,vege2,lammin,2020-10-19,False,7.0,1.0,True
session355,2020-11-03 10:34:46,,koti2-oikea-lammin4,245,JUURES-PERUNASOSE ,tray314,2020-11-03 10:35:35,registered_2020-11-02_2020-11-08.csv,53,registered_export,245,9999-99-99 99:99:99,2020-11-03 10:34:46,2020-11-03 10:35:35,2020-11-03 10:34:46,2020-11-03 10:35:35,SOURCE_LOCAL_ASSUMED,juures-perunasose,koti2,lammin,2020-11-03,False,8.0,5.0,True
session36,2020-11-09 11:48:54,,koti2-vasen-salaatti1,26,American salad,tray614,2020-11-09 11:51:19,registered_2020-11-09_2020-11-15.csv,632,registered_export,26,9999-99-99 99:99:99,2020-11-09 11:48:54,2020-11-09 11:51:19,2020-11-09 11:48:54,2020-11-09 11:51:19,SOURCE_LOCAL_ASSUMED,american salad,koti2,salaatti,2020-11-09,False,15.0,4.0,True
session365,2020.10.12 08:12:16,line,koti2-oikea-salaatti3,44,Tomato,tray529,2020.10.12 08:13:29,registered_2020_10_05-2020_10_18.csv,1499,registered_export,44,9999.99.99 99:99:99,2020-10-12 08:12:16,2020-10-12 08:13:29,2020-10-12 11:12:16,2020-10-12 11:13:29,NORMALISED_PLUS_3H_STRONGEST_SUPPORT,tomato,koti2,salaatti,2020-10-12,False,7.0,670.0,True
session375,2020-10-20 12:00:04,line,koti2-oikea-lammin1,321,Mashed potatoes,tray14,2020-10-20 12:01:28,registered_2020-10-19_2020-10-25.csv,1202,registered_export,321,9999-99-99 99:99:99,2020-10-20 12:00:04,2020-10-20 12:01:28,2020-10-20 12:00:04,2020-10-20 12:01:28,SOURCE_LOCAL_ASSUMED,mashed potatoes,koti2,lammin,2020-10-20,False,16.0,12.0,True
session391,2020-11-11 11:13:46,,vege2-salaatti1,28,American salad,tray304,2020-11-11 11:16:08,registered_2020-11-09_2020-11-15.csv,1006,registered_export,28,9999-99-99 99:99:99,2020-11-11 11:13:46,2020-11-11 11:16:08,2020-11-11 11:13:46,2020-11-11 11:16:08,SOURCE_LOCAL_ASSUMED,american salad,vege2,salaatti,2020-11-11,False,10.0,17.0,True
session407,2020.10.07 07:51:51,line,vege2-salaatti4,131,Tomato,tray207,2020.10.07 07:53:35,registered_2020_10_05-2020_10_18.csv,1416,registered_export,131,9999.99.99 99:99:99,2020-10-07 07:51:51,2020-10-07 07:53:35,2020-10-07 10:51:51,2020-10-07 10:53:35,NORMALISED_PLUS_3H_STRONGEST_SUPPORT,tomato,vege2,salaatti,2020-10-07,False,6.0,673.0,True
session408,2020-10-26 12:05:34,,koti2-oikea-salaatti1,65,American salad,tray118,2020-10-26 12:08:43,registered_2020-10-25_2020-10-31.csv,1253,registered_export,65,9999-99-99 99:99:99,2020-10-26 12:05:34,2020-10-26 12:08:43,2020-10-26 12:05:34,2020-10-26 12:08:43,SOURCE_LOCAL_ASSUMED,american salad,koti2,salaatti,2020-10-26,False,6.0,644.0,True
session418,2020-10-28 11:48:54,,koti2-oikea-lammin3,124,Breaded flounder,tray494,2020-10-28 11:49:54,registered_2020-10-25_2020-10-31.csv,1171,registered_export,124,9999-99-99 99:99:99,2020-10-28 11:48:54,2020-10-28 11:49:54,2020-10-28 11:48:54,2020-10-28 11:49:54,SOURCE_LOCAL_ASSUMED,breaded flounder,koti2,lammin,2020-10-28,False,11.0,15.0,True
session423,2020-10-30 10:41:16,,koti2-vasen-lammin5,182,Karelian stew,tray55,2020-10-30 10:46:15,registered_2020-10-25_2020-10-31.csv,26,registered_export,182,9999-99-99 99:99:99,2020-10-30 10:41:16,2020-10-30 10:46:15,2020-10-30 10:41:16,2020-10-30 10:46:15,SOURCE_LOCAL_ASSUMED,karelian stew,koti2,lammin,2020-10-30,False,15.0,1.0,True
session433,2020-10-26 12:21:59,,vege2-salaatti1,203,American salad,tray387,2020-10-26 12:24:50,registered_2020-10-25_2020-10-31.csv,313,registered_export,203,9999-99-99 99:99:99,2020-10-26 12:21:59,2020-10-26 12:24:50,2020-10-26 12:21:59,2020-10-26 12:24:50,SOURCE_LOCAL_ASSUMED,american salad,vege2,salaatti,2020-10-26,False,10.0,813.0,True
session436,2020-10-20 12:12:04,line,vege2-salaatti2,40,Grated cabbage,tray65,2020-10-20 12:14:53,registered_2020-10-19_2020-10-25.csv,815,registered_export,40,9999-99-99 99:99:99,2020-10-20 12:12:04,2020-10-20 12:14:53,2020-10-20 12:12:04,2020-10-20 12:14:53,SOURCE_LOCAL_ASSUMED,grated cabbage,vege2,salaatti,2020-10-20,False,11.0,9.0,True
session436,2020-10-20 12:12:38,line,vege2-salaatti3,7,Herne-maissi-paprika,tray65,2020-10-20 12:14:53,registered_2020-10-19_2020-10-25.csv,817,registered_export,7,9999-99-99 99:99:99,2020-10-20 12:12:38,2020-10-20 12:14:53,2020-10-20 12:12:38,2020-10-20 12:14:53,SOURCE_LOCAL_ASSUMED,herne-maissi-paprika,vege2,salaatti,2020-10-20,False,20.0,5.0,True
session439,2020.10.12 08:06:17,line,vege2-salaatti2,60,Grated carrots and cabbage,tray27,2020.10.12 08:07:46,registered_2020_10_05-2020_10_18.csv,1749,registered_export,60,9999.99.99 99:99:99,2020-10-12 08:06:17,2020-10-12 08:07:46,2020-10-12 11:06:17,2020-10-12 11:07:46,NORMALISED_PLUS_3H_STRONGEST_SUPPORT,grated carrots and cabbage,vege2,salaatti,2020-10-12,False,11.0,34.0,True
session446,2020-11-04 12:06:57,,koti2-vasen-salaatti1,46,American salad,tray319,2020-11-04 12:08:47,registered_2020-11-02_2020-11-08.csv,988,registered_export,46,9999-99-99 99:99:99,2020-11-04 12:06:57,2020-11-04 12:08:47,2020-11-04 12:06:57,2020-11-04 12:08:47,SOURCE_LOCAL_ASSUMED,american salad,koti2,salaatti,2020-11-04,False,10.0,615.0,True
session48,2020-10-28 12:32:56,,koti2-vasen-salaatti3,91,Sweet corn-bean-cauliflower,tray628,2020-10-28 12:33:54,registered_2020-10-25_2020-10-31.csv,712,registered_export,91,9999-99-99 99:99:99,2020-10-28 12:32:56,2020-10-28 12:33:54,2020-10-28 12:32:56,2020-10-28 12:33:54,SOURCE_LOCAL_ASSUMED,sweet corn-bean-cauliflower,koti2,salaatti,2020-10-28,False,10.0,737.0,True
session492,2020-10-19 10:54:57,line,koti2-vasen-salaatti1,34,American salad,tray130,2020-10-19 10:56:07,registered_2020-10-19_2020-10-25.csv,531,registered_export,34,9999-99-99 99:99:99,2020-10-19 10:54:57,2020-10-19 10:56:07,2020-10-19 10:54:57,2020-10-19 10:56:07,SOURCE_LOCAL_ASSUMED,american salad,koti2,salaatti,2020-10-19,False,12.0,624.0,True
session493,2020.10.12 08:29:54,line,vege2-lammin2,141,Rice,tray131,2020.10.12 08:30:45,registered_2020_10_05-2020_10_18.csv,1741,registered_export,141,9999.99.99 99:99:99,2020-10-12 08:29:54,2020-10-12 08:30:45,2020-10-12 11:29:54,2020-10-12 11:30:45,NORMALISED_PLUS_3H_STRONGEST_SUPPORT,rice,vege2,lammin,2020-10-12,False,23.0,154.0,True
session500,2020-10-28 11:35:57,,koti2-oikea-salaatti2,36,Grated carrot and radish,tray275,2020-10-28 11:37:21,registered_2020-10-25_2020-10-31.csv,981,registered_export,36,9999-99-99 99:99:99,2020-10-28 11:35:57,2020-10-28 11:37:21,2020-10-28 11:35:57,2020-10-28 11:37:21,SOURCE_LOCAL_ASSUMED,grated carrot and radish,koti2,salaatti,2020-10-28,False,28.0,978.0,True
session506,2020.10.12 08:03:44,line,vege2-salaatti1,32,American salad,tray189,2020.10.12 08:05:15,registered_2020_10_05-2020_10_18.csv,95,registered_export,32,9999.99.99 99:99:99,2020-10-12 08:03:44,2020-10-12 08:05:15,2020-10-12 11:03:44,2020-10-12 11:05:15,NORMALISED_PLUS_3H_STRONGEST_SUPPORT,american salad,vege2,salaatti,2020-10-12,False,7.0,35.0,True
session512,2020.10.05 07:40:48,line,koti2-oikea-salaatti1,29,American salad,tray376,2020.10.05 07:42:28,registered_2020_10_05-2020_10_18.csv,1904,registered_export,29,9999.99.99 99:99:99,2020-10-05 07:40:48,2020-10-05 07:42:28,2020-10-05 10:40:48,2020-10-05 10:42:28,NORMALISED_PLUS_3H_STRONGEST_SUPPORT,american salad,koti2,salaatti,2020-10-05,False,19.0,443.0,True
session519,2020.10.14 09:31:18,line,koti2-oikea-salaatti2,38,Punakaali,tray165,2020.10.14 09:33:12,registered_2020_10_05-2020_10_18.csv,246,registered_export,38,9999.99.99 99:99:99,2020-10-14 09:31:18,2020-10-14 09:33:12,2020-10-14 12:31:18,2020-10-14 12:33:12,NORMALISED_PLUS_3H_STRONGEST_SUPPORT,punakaali,koti2,salaatti,2020-10-14,False,9.0,655.0,True
session536,2020-11-19 12:25:08,,vege2-lammin1,93,Rice,tray368,2020-11-19 12:26:25,registered_2020-11-16_2020-11-20.csv,784,registered_export,93,9999-99-99 99:99:99,2020-11-19 12:25:08,2020-11-19 12:26:25,2020-11-19 12:25:08,2020-11-19 12:26:25,SOURCE_LOCAL_ASSUMED,rice,vege2,lammin,2020-11-19,False,15.0,3.0,True
session539,2020.10.13 09:21:21,line,koti2-oikea-lammin4,239,KORIANTERI RIISI,tray309,2020.10.13 09:23:54,registered_2020_10_05-2020_10_18.csv,1296,registered_export,239,9999.99.99 99:99:99,2020-10-13 09:21:21,2020-10-13 09:23:54,2020-10-13 12:21:21,2020-10-13 12:23:54,NORMALISED_PLUS_3H_STRONGEST_SUPPORT,korianteri riisi,koti2,lammin,2020-10-13,False,10.0,48.0,True
session541,2020-11-20 11:13:25,,koti2-oikea-salaatti1,24,American salad,tray206,2020-11-20 11:16:06,registered_2020-11-16_2020-11-20.csv,368,registered_export,24,9999-99-99 99:99:99,2020-11-20 11:13:25,2020-11-20 11:16:06,2020-11-20 11:13:25,2020-11-20 11:16:06,SOURCE_LOCAL_ASSUMED,american salad,koti2,salaatti,2020-11-20,False,6.0,3.0,True
session555,2020-11-11 10:53:10,,vege2-lammin5,225,MUNAKOISOA RAS EL HANOUT,tray552,2020-11-11 10:54:21,registered_2020-11-09_2020-11-15.csv,827,registered_export,225,9999-99-99 99:99:99,2020-11-11 10:53:10,2020-11-11 10:54:21,2020-11-11 10:53:10,2020-11-11 10:54:21,SOURCE_LOCAL_ASSUMED,munakoisoa ras el hanout,vege2,lammin,2020-11-11,False,24.0,115.0,True
session575,2020-10-19 11:16:53,line,koti2-vasen-salaatti1,44,American salad,tray443,2020-10-19 11:19:25,registered_2020-10-19_2020-10-25.csv,23,registered_export,44,9999-99-99 99:99:99,2020-10-19 11:16:53,2020-10-19 11:19:25,2020-10-19 11:16:53,2020-10-19 11:19:25,SOURCE_LOCAL_ASSUMED,american salad,koti2,salaatti,2020-10-19,False,10.0,1.0,True
session583,2020-11-04 10:42:54,,koti2-oikea-salaatti1,21,American salad,tray232,2020-11-04 10:46:11,registered_2020-11-02_2020-11-08.csv,506,registered_export,21,9999-99-99 99:99:99,2020-11-04 10:42:54,2020-11-04 10:46:11,2020-11-04 10:42:54,2020-11-04 10:46:11,SOURCE_LOCAL_ASSUMED,american salad,koti2,salaatti,2020-11-04,False,20.0,310.0,True
session588,2020-10-19 12:29:53,line,vege2-lammin1,89,Rice,tray290,2020-10-19 12:30:47,registered_2020-10-19_2020-10-25.csv,650,registered_export,89,9999-99-99 99:99:99,2020-10-19 12:29:53,2020-10-19 12:30:47,2020-10-19 12:29:53,2020-10-19 12:30:47,SOURCE_LOCAL_ASSUMED,rice,vege2,lammin,2020-10-19,False,13.0,52.0,True
session600,2020.10.14 08:03:57,line,vege2-lammin4,162,Boiled potato,tray493,2020.10.14 08:05:45,registered_2020_10_05-2020_10_18.csv,686,registered_export,162,9999.99.99 99:99:99,2020-10-14 08:03:57,2020-10-14 08:05:45,2020-10-14 11:03:57,2020-10-14 11:05:45,NORMALISED_PLUS_3H_STRONGEST_SUPPORT,boiled potato,vege2,lammin,2020-10-14,False,14.0,37.0,True
session601,2020-10-27 10:36:38,,vege2-salaatti1,41,American salad,tray271,2020-10-27 10:38:42,registered_2020-10-25_2020-10-31.csv,223,registered_export,41,9999-99-99 99:99:99,2020-10-27 10:36:38,2020-10-27 10:38:42,2020-10-27 10:36:38,2020-10-27 10:38:42,SOURCE_LOCAL_ASSUMED,american salad,vege2,salaatti,2020-10-27,False,22.0,2.0,True
session602,2020.10.14 09:11:33,line,koti2-vasen-salaatti2,69,Punakaali,tray420,2020.10.14 09:14:51,registered_2020_10_05-2020_10_18.csv,586,registered_export,69,9999.99.99 99:99:99,2020-10-14 09:11:33,2020-10-14 09:14:51,2020-10-14 12:11:33,2020-10-14 12:14:51,NORMALISED_PLUS_3H_STRONGEST_SUPPORT,punakaali,koti2,salaatti,2020-10-14,False,8.0,19.0,True
session61,2020-11-09 12:04:19,,koti2-vasen-salaatti1,67,American salad,tray568,2020-11-09 12:06:34,registered_2020-11-09_2020-11-15.csv,1083,registered_export,67,9999-99-99 99:99:99,2020-11-09 12:04:19,2020-11-09 12:06:34,2020-11-09 12:04:19,2020-11-09 12:06:34,SOURCE_LOCAL_ASSUMED,american salad,koti2,salaatti,2020-11-09,False,9.0,454.0,True
session611,2020-11-19 12:24:44,,koti2-vasen-salaatti1,23,American salad,tray387,2020-11-19 12:27:28,registered_2020-11-16_2020-11-20.csv,141,registered_export,23,9999-99-99 99:99:99,2020-11-19 12:24:44,2020-11-19 12:27:28,2020-11-19 12:24:44,2020-11-19 12:27:28,SOURCE_LOCAL_ASSUMED,american salad,koti2,salaatti,2020-11-19,False,9.0,149.0,True
session625,2020-11-04 12:03:33,,koti2-vasen-lammin3,135,Onion sauce,tray416,2020-11-04 12:04:27,registered_2020-11-02_2020-11-08.csv,321,registered_export,135,9999-99-99 99:99:99,2020-11-04 12:03:33,2020-11-04 12:04:27,2020-11-04 12:03:33,2020-11-04 12:04:27,SOURCE_LOCAL_ASSUMED,onion sauce,koti2,lammin,2020-11-04,False,7.0,3.0,True
session64,2020-11-03 12:21:30,,koti2-oikea-lammin4,193,JUURES-PERUNASOSE ,tray144,2020-11-03 12:22:15,registered_2020-11-02_2020-11-08.csv,1459,registered_export,193,9999-99-99 99:99:99,2020-11-03 12:21:30,2020-11-03 12:22:15,2020-11-03 12:21:30,2020-11-03 12:22:15,SOURCE_LOCAL_ASSUMED,juures-perunasose,koti2,lammin,2020-11-03,False,6.0,704.0,True
session658,2020-10-27 11:57:27,,koti2-oikea-lammin1,159,Rice,tray162,2020-10-27 11:58:47,registered_2020-10-25_2020-10-31.csv,1183,registered_export,159,9999-99-99 99:99:99,2020-10-27 11:57:27,2020-10-27 11:58:47,2020-10-27 11:57:27,2020-10-27 11:58:47,SOURCE_LOCAL_ASSUMED,rice,koti2,lammin,2020-10-27,False,11.0,41.0,True
session668,2020-11-11 11:43:44,,vege2-lammin4,106,Couscous,tray58,2020-11-11 11:45:33,registered_2020-11-09_2020-11-15.csv,794,registered_export,106,9999-99-99 99:99:99,2020-11-11 11:43:44,2020-11-11 11:45:33,2020-11-11 11:43:44,2020-11-11 11:45:33,SOURCE_LOCAL_ASSUMED,couscous,vege2,lammin,2020-11-11,False,10.0,5.0,True
session697,2020-10-19 11:08:43,line,koti2-oikea-salaatti2,31,Grated carrot,tray133,2020-10-19 11:10:17,registered_2020-10-19_2020-10-25.csv,516,registered_export,31,9999-99-99 99:99:99,2020-10-19 11:08:43,2020-10-19 11:10:17,2020-10-19 11:08:43,2020-10-19 11:10:17,SOURCE_LOCAL_ASSUMED,grated carrot,koti2,salaatti,2020-10-19,False,20.0,1176.0,True
session700,2020-10-28 12:29:28,,vege2-lammin2,234,Gratinated spinach and bean pasta bake,tray262,2020-10-28 12:30:50,registered_2020-10-25_2020-10-31.csv,1298,registered_export,234,9999-99-99 99:99:99,2020-10-28 12:29:28,2020-10-28 12:30:50,2020-10-28 12:29:28,2020-10-28 12:30:50,SOURCE_LOCAL_ASSUMED,gratinated spinach and bean pasta bake,vege2,lammin,2020-10-28,False,9.0,678.0,True
session702,2020-11-20 10:47:22,,koti2-oikea-lammin4,103,Potato wedges,tray594,2020-11-20 10:48:14,registered_2020-11-16_2020-11-20.csv,455,registered_export,103,9999-99-99 99:99:99,2020-11-20 10:47:22,2020-11-20 10:48:14,2020-11-20 10:47:22,2020-11-20 10:48:14,SOURCE_LOCAL_ASSUMED,potato wedges,koti2,lammin,2020-11-20,False,22.0,56.0,True
session704,2020-11-04 10:35:12,,vege2-salaatti1,24,American salad,tray315,2020-11-04 10:36:51,registered_2020-11-02_2020-11-08.csv,888,registered_export,24,9999-99-99 99:99:99,2020-11-04 10:35:12,2020-11-04 10:36:51,2020-11-04 10:35:12,2020-11-04 10:36:51,SOURCE_LOCAL_ASSUMED,american salad,vege2,salaatti,2020-11-04,False,7.0,77.0,True
session749,2020-10-27 12:19:26,,koti2-vasen-lammin2,157,Lemon chicken,tray529,2020-10-27 12:21:06,registered_2020-10-25_2020-10-31.csv,301,registered_export,157,9999-99-99 99:99:99,2020-10-27 12:19:26,2020-10-27 12:21:06,2020-10-27 12:19:26,2020-10-27 12:21:06,SOURCE_LOCAL_ASSUMED,lemon chicken,koti2,lammin,2020-10-27,False,8.0,785.0,True
session752,2020.10.07 07:47:46,line,koti2-vasen-salaatti2,46,Kaali-porkkanaraaste,tray652,2020.10.07 07:50:13,registered_2020_10_05-2020_10_18.csv,57,registered_export,46,9999.99.99 99:99:99,2020-10-07 07:47:46,2020-10-07 07:50:13,2020-10-07 10:47:46,2020-10-07 10:50:13,NORMALISED_PLUS_3H_STRONGEST_SUPPORT,kaali-porkkanaraaste,koti2,salaatti,2020-10-07,False,6.0,677.0,True
session758,2020.10.13 09:25:53,line,koti2-oikea-salaatti1,99,American salad,tray110,2020.10.13 09:29:40,registered_2020_10_05-2020_10_18.csv,595,registered_export,99,9999.99.99 99:99:99,2020-10-13 09:25:53,2020-10-13 09:29:40,2020-10-13 12:25:53,2020-10-13 12:29:40,NORMALISED_PLUS_3H_STRONGEST_SUPPORT,american salad,koti2,salaatti,2020-10-13,False,12.0,263.0,True
session758,2020.10.13 09:27:40,line,koti2-oikea-lammin2,125,Fish sticks,tray110,2020.10.13 09:29:40,registered_2020_10_05-2020_10_18.csv,599,registered_export,125,9999.99.99 99:99:99,2020-10-13 09:27:40,2020-10-13 09:29:40,2020-10-13 12:27:40,2020-10-13 12:29:40,NORMALISED_PLUS_3H_STRONGEST_SUPPORT,fish sticks,koti2,lammin,2020-10-13,False,9.0,847.0,True
session763,2020-10-20 11:28:06,line,koti2-oikea-salaatti1,104,American salad,tray272,2020-10-20 11:30:19,registered_2020-10-19_2020-10-25.csv,357,registered_export,104,9999-99-99 99:99:99,2020-10-20 11:28:06,2020-10-20 11:30:19,2020-10-20 11:28:06,2020-10-20 11:30:19,SOURCE_LOCAL_ASSUMED,american salad,koti2,salaatti,2020-10-20,False,14.0,387.0,True
session786,2020.10.06 08:22:35,line,koti2-vasen-salaatti1,45,American salad,tray638,2020.10.06 08:24:27,registered_2020_10_05-2020_10_18.csv,1160,registered_export,45,9999.99.99 99:99:99,2020-10-06 08:22:35,2020-10-06 08:24:27,2020-10-06 11:22:35,2020-10-06 11:24:27,NORMALISED_PLUS_3H_STRONGEST_SUPPORT,american salad,koti2,salaatti,2020-10-06,False,18.0,368.0,True
session797,2020-11-04 11:02:31,,koti2-oikea-salaatti1,46,American salad,tray271,2020-11-04 11:05:00,registered_2020-11-02_2020-11-08.csv,734,registered_export,46,9999-99-99 99:99:99,2020-11-04 11:02:31,2020-11-04 11:05:00,2020-11-04 11:02:31,2020-11-04 11:05:00,SOURCE_LOCAL_ASSUMED,american salad,koti2,salaatti,2020-11-04,False,15.0,1289.0,True
session829,2020.10.06 08:00:07,line,koti2-oikea-salaatti2,87,porkkana,tray206,2020.10.06 08:01:49,registered_2020_10_05-2020_10_18.csv,1911,registered_export,87,9999.99.99 99:99:99,2020-10-06 08:00:07,2020-10-06 08:01:49,2020-10-06 11:00:07,2020-10-06 11:01:49,NORMALISED_PLUS_3H_STRONGEST_SUPPORT,porkkana,koti2,salaatti,2020-10-06,False,8.0,683.0,True
session863,2020.10.14 08:58:52,line,koti2-vasen-salaatti4,31,Pineapple,tray426,2020.10.14 09:00:25,registered_2020_10_05-2020_10_18.csv,1376,registered_export,31,9999.99.99 99:99:99,2020-10-14 08:58:52,2020-10-14 09:00:25,2020-10-14 11:58:52,2020-10-14 12:00:25,NORMALISED_PLUS_3H_STRONGEST_SUPPORT,pineapple,koti2,salaatti,2020-10-14,False,10.0,48.0,True
session863,2020.10.14 08:59:16,line,koti2-vasen-lammin1,158,Pasta,tray426,2020.10.14 09:00:25,registered_2020_10_05-2020_10_18.csv,1378,registered_export,158,9999.99.99 99:99:99,2020-10-14 08:59:16,2020-10-14 09:00:25,2020-10-14 11:59:16,2020-10-14 12:00:25,NORMALISED_PLUS_3H_STRONGEST_SUPPORT,pasta,koti2,lammin,2020-10-14,False,9.0,19.0,True
session863,2020.10.14 08:59:38,line,koti2-vasen-lammin3,177,PANEROITU BROILERLEIKE,tray426,2020.10.14 09:00:25,registered_2020_10_05-2020_10_18.csv,1380,registered_export,177,9999.99.99 99:99:99,2020-10-14 08:59:38,2020-10-14 09:00:25,2020-10-14 11:59:38,2020-10-14 12:00:25,NORMALISED_PLUS_3H_STRONGEST_SUPPORT,paneroitu broilerleike,koti2,lammin,2020-10-14,False,8.0,11.0,True
session864,2020-10-21 12:20:21,line,koti2-vasen-lammin1,103,Rice,tray330,2020-10-21 12:21:21,registered_2020-10-19_2020-10-25.csv,388,registered_export,103,9999-99-99 99:99:99,2020-10-21 12:20:21,2020-10-21 12:21:21,2020-10-21 12:20:21,2020-10-21 12:21:21,SOURCE_LOCAL_ASSUMED,rice,koti2,lammin,2020-10-21,False,10.0,37.0,True
session866,2020-10-19 11:40:21,line,vege2-salaatti1,16,American salad,tray98,2020-10-19 11:42:39,registered_2020-10-19_2020-10-25.csv,1206,registered_export,16,9999-99-99 99:99:99,2020-10-19 11:40:21,2020-10-19 11:42:39,2020-10-19 11:40:21,2020-10-19 11:42:39,SOURCE_LOCAL_ASSUMED,american salad,vege2,salaatti,2020-10-19,False,8.0,612.0,True
session866,2020-10-19 11:41:15,line,vege2-lammin1,171,Rice,tray98,2020-10-19 11:42:39,registered_2020-10-19_2020-10-25.csv,1211,registered_export,171,9999-99-99 99:99:99,2020-10-19 11:41:15,2020-10-19 11:42:39,2020-10-19 11:41:15,2020-10-19 11:42:39,SOURCE_LOCAL_ASSUMED,rice,vege2,lammin,2020-10-19,False,6.0,3.0,True
session867,2020.10.14 07:48:53,line,koti2-vasen-salaatti3,63,Paahdettuja kasviksia,tray130,2020.10.14 07:50:18,registered_2020_10_05-2020_10_18.csv,857,registered_export,63,9999.99.99 99:99:99,2020-10-14 07:48:53,2020-10-14 07:50:18,2020-10-14 10:48:53,2020-10-14 10:50:18,NORMALISED_PLUS_3H_STRONGEST_SUPPORT,paahdettuja kasviksia,koti2,salaatti,2020-10-14,False,10.0,42.0,True
session886,2020-10-20 11:17:03,line,koti2-oikea-salaatti1,47,American salad,tray35,2020-10-20 11:19:42,registered_2020-10-19_2020-10-25.csv,956,registered_export,47,9999-99-99 99:99:99,2020-10-20 11:17:03,2020-10-20 11:19:42,2020-10-20 11:17:03,2020-10-20 11:19:42,SOURCE_LOCAL_ASSUMED,american salad,koti2,salaatti,2020-10-20,False,15.0,19.0,True
session886,2020-10-20 11:17:11,line,koti2-oikea-salaatti1,55,American salad,tray35,2020-10-20 11:19:42,registered_2020-10-19_2020-10-25.csv,957,registered_export,55,9999-99-99 99:99:99,2020-10-20 11:17:11,2020-10-20 11:19:42,2020-10-20 11:17:11,2020-10-20 11:19:42,SOURCE_LOCAL_ASSUMED,american salad,koti2,salaatti,2020-10-20,False,8.0,47.0,True
session895,2020-10-26 11:36:07,,koti2-oikea-lammin6,50,Wasabi sour cream,tray141,2020-10-26 11:36:55,registered_2020-10-25_2020-10-31.csv,519,registered_export,50,9999-99-99 99:99:99,2020-10-26 11:36:07,2020-10-26 11:36:55,2020-10-26 11:36:07,2020-10-26 11:36:55,SOURCE_LOCAL_ASSUMED,wasabi sour cream,koti2,lammin,2020-10-26,False,7.0,993.0,True
session912,2020-10-19 12:26:55,line,koti2-vasen-salaatti1,28,American salad,tray242,2020-10-19 12:28:19,registered_2020-10-19_2020-10-25.csv,564,registered_export,28,9999-99-99 99:99:99,2020-10-19 12:26:55,2020-10-19 12:28:19,2020-10-19 12:26:55,2020-10-19 12:28:19,SOURCE_LOCAL_ASSUMED,american salad,koti2,salaatti,2020-10-19,False,8.0,4.0,True
session923,2020-10-19 11:04:58,line,vege2-salaatti4,30,Maustekurkku,tray120,2020-10-19 11:05:52,registered_2020-10-19_2020-10-25.csv,1268,registered_export,30,9999-99-99 99:99:99,2020-10-19 11:04:58,2020-10-19 11:05:52,2020-10-19 11:04:58,2020-10-19 11:05:52,SOURCE_LOCAL_ASSUMED,maustekurkku,vege2,salaatti,2020-10-19,False,11.0,715.0,True
session934,2020.10.13 09:16:49,line,koti2-oikea-salaatti1,36,American salad,tray102,2020.10.13 09:19:25,registered_2020_10_05-2020_10_18.csv,932,registered_export,36,9999.99.99 99:99:99,2020-10-13 09:16:49,2020-10-13 09:19:25,2020-10-13 12:16:49,2020-10-13 12:19:25,NORMALISED_PLUS_3H_STRONGEST_SUPPORT,american salad,koti2,salaatti,2020-10-13,False,9.0,619.0,True
session934,2020.10.13 09:17:39,line,koti2-oikea-salaatti3,75,Beetroot,tray102,2020.10.13 09:19:25,registered_2020_10_05-2020_10_18.csv,935,registered_export,75,9999.99.99 99:99:99,2020-10-13 09:17:39,2020-10-13 09:19:25,2020-10-13 12:17:39,2020-10-13 12:19:25,NORMALISED_PLUS_3H_STRONGEST_SUPPORT,beetroot,koti2,salaatti,2020-10-13,False,14.0,689.0,True
session939,2020-10-21 10:34:41,line,koti2-oikea-lammin2,135,Hapanimelä broileria,tray37,2020-10-21 10:35:39,registered_2020-10-19_2020-10-25.csv,882,registered_export,135,9999-99-99 99:99:99,2020-10-21 10:34:41,2020-10-21 10:35:39,2020-10-21 10:34:41,2020-10-21 10:35:39,SOURCE_LOCAL_ASSUMED,hapanimelä broileria,koti2,lammin,2020-10-21,False,12.0,898.0,True
session961,2020-11-11 10:51:48,,koti2-oikea-salaatti1,75,American salad,tray275,2020-11-11 10:53:41,registered_2020-11-09_2020-11-15.csv,232,registered_export,75,9999-99-99 99:99:99,2020-11-11 10:51:48,2020-11-11 10:53:41,2020-11-11 10:51:48,2020-11-11 10:53:41,SOURCE_LOCAL_ASSUMED,american salad,koti2,salaatti,2020-11-11,False,15.0,12.0,True
session973,2020-10-27 11:03:55,,koti2-oikea-salaatti1,58,American salad,tray162,2020-10-27 11:06:07,registered_2020-10-25_2020-10-31.csv,78,registered_export,58,9999-99-99 99:99:99,2020-10-27 11:03:55,2020-10-27 11:06:07,2020-10-27 11:03:55,2020-10-27 11:06:07,SOURCE_LOCAL_ASSUMED,american salad,koti2,salaatti,2020-10-27,False,12.0,354.0,True
session982,2020.10.07 08:59:32,line,koti2-oikea-salaatti1,7,American salad,tray428,2020.10.07 09:01:39,registered_2020_10_05-2020_10_18.csv,1699,registered_export,7,9999.99.99 99:99:99,2020-10-07 08:59:32,2020-10-07 09:01:39,2020-10-07 11:59:32,2020-10-07 12:01:39,NORMALISED_PLUS_3H_STRONGEST_SUPPORT,american salad,koti2,salaatti,2020-10-07,False,12.0,10.0,True
session999,2020.10.07 09:26:28,line,koti2-vasen-salaatti2,64,Kaali-porkkanaraaste,tray169,2020.10.07 09:27:47,registered_2020_10_05-2020_10_18.csv,376,registered_export,64,9999.99.99 99:99:99,2020-10-07 09:26:28,2020-10-07 09:27:47,2020-10-07 12:26:28,2020-10-07 12:27:47,NORMALISED_PLUS_3H_STRONGEST_SUPPORT,kaali-porkkanaraaste,koti2,salaatti,2020-10-07,False,5.0,617.0,True
